title,provider,provider_type,curriculum,country,province,grade,phase,subject,topic,language,resource_type,year,term,examination_type,url,memo_url,licence,trust_level,quality_score,source_url,discovered_from,discovered_at,last_verified,status
2025 NSC Accounting Paper 1 + memo,Department of Basic Education,government,CAPS/NCS,South Africa,National,12,FET,Accounting,Paper 1,English,past paper,2025,November,NSC November final exam,https://www.education.gov.za/LinkClick.aspx?fileticket=fjsgFDpa8wg%3d&tabid=5742&portalid=0&mid=14825&forcedownload=true,https://www.education.gov.za/LinkClick.aspx?fileticket=oZyi7eQjyEo%3d&tabid=5742&portalid=0&mid=14825&forcedownload=true,unknown,A,90,https://www.education.gov.za/Curriculum/NationalSeniorCertificate(NSC)Examinations/2025NovemberExamPapers.aspx,DBE 2025 November Exam Papers index,2026-09-05,2026-09-05,verified
2025 NSC Business Studies Paper 1 + memo,Department of Basic Education,government,CAPS/NCS,South Africa,National,12,FET,Business Studies,Paper 1,English,past paper,2025,November,NSC November final exam,https://www.education.gov.za/LinkClick.aspx?fileticket=UZMoZkUl42g%3d&tabid=5742&portalid=0&mid=14829&forcedownload=true,https://www.education.gov.za/LinkClick.aspx?fileticket=IAKtVCrlBaw%3d&tabid=5742&portalid=0&mid=14829&forcedownload=true,unknown,A,90,https://www.education.gov.za/Curriculum/NationalSeniorCertificate(NSC)Examinations/2025NovemberExamPapers.aspx,DBE 2025 November Exam Papers index,2026-09-05,2026-09-05,verified
2025 NSC Economics Paper 1 + memo,Department of Basic Education,government,CAPS/NCS,South Africa,National,12,FET,Economics,Paper 1,English,past paper,2025,November,NSC November final exam,https://www.education.gov.za/LinkClick.aspx?fileticket=ctIxKzDjX7o%3d&tabid=5742&portalid=0&mid=14836&forcedownload=true,https://www.education.gov.za/LinkClick.aspx?fileticket=0Nt-PqRAEpI%3d&tabid=5742&portalid=0&mid=14836&forcedownload=true,unknown,A,90,https://www.education.gov.za/Curriculum/NationalSeniorCertificate(NSC)Examinations/2025NovemberExamPapers.aspx,DBE 2025 November Exam Papers index,2026-09-05,2026-09-05,verified
2025 NSC Geography Paper 1 + memo,Department of Basic Education,government,CAPS/NCS,South Africa,National,12,FET,Geography,Paper 1,English,past paper,2025,November,NSC November final exam,https://www.education.gov.za/LinkClick.aspx?fileticket=-yt9PT3ew3w%3d&tabid=5742&portalid=0&mid=14839&forcedownload=true,https://www.education.gov.za/LinkClick.aspx?fileticket=3m3EI20-OFE%3d&tabid=5742&portalid=0&mid=14839&forcedownload=true,unknown,A,89,https://www.education.gov.za/Curriculum/NationalSeniorCertificate(NSC)Examinations/2025NovemberExamPapers.aspx,DBE 2025 November Exam Papers index,2026-09-05,2026-09-05,verified
2025 NSC History Paper 1 + memo,Department of Basic Education,government,CAPS/NCS,South Africa,National,12,FET,History,Paper 1,English,past paper,2025,November,NSC November final exam,https://www.education.gov.za/LinkClick.aspx?fileticket=2o0MsmBcqVE%3d&tabid=5742&portalid=0&mid=14840&forcedownload=true,https://www.education.gov.za/LinkClick.aspx?fileticket=7ybdVYFBcEk%3d&tabid=5742&portalid=0&mid=14840&forcedownload=true,unknown,A,89,https://www.education.gov.za/Curriculum/NationalSeniorCertificate(NSC)Examinations/2025NovemberExamPapers.aspx,DBE 2025 November Exam Papers index,2026-09-05,2026-09-05,verified
2025 NSC Life Sciences Paper 1 + memo,Department of Basic Education,government,CAPS/NCS,South Africa,National,12,FET,Life Sciences,Paper 1,English,past paper,2025,November,NSC November final exam,https://www.education.gov.za/LinkClick.aspx?fileticket=gGKToRa_6AU%3d&tabid=5742&portalid=0&mid=14843&forcedownload=true,https://www.education.gov.za/LinkClick.aspx?fileticket=qagqeuN2l5Y%3d&tabid=5742&portalid=0&mid=14843&forcedownload=true,unknown,A,91,https://www.education.gov.za/Curriculum/NationalSeniorCertificate(NSC)Examinations/2025NovemberExamPapers.aspx,DBE 2025 November Exam Papers index,2026-09-05,2026-09-05,verified
2025 NSC Information Technology Paper 1 + memo,Department of Basic Education,government,CAPS/NCS,South Africa,National,12,FET,Information Technology,Paper 1,English,past paper,2025,November,NSC November final exam,https://www.education.gov.za/LinkClick.aspx?fileticket=29sjz7M5F7M%3d&tabid=5742&portalid=0&mid=14842&forcedownload=true,https://www.education.gov.za/LinkClick.aspx?fileticket=yULW88ykgB4%3d&tabid=5742&portalid=0&mid=14842&forcedownload=true,unknown,A,88,https://www.education.gov.za/Curriculum/NationalSeniorCertificate(NSC)Examinations/2025NovemberExamPapers.aspx,DBE 2025 November Exam Papers index,2026-09-05,2026-09-05,verified
2025 NSC Life Orientation Paper 1 + memo,Department of Basic Education,government,CAPS/NCS,South Africa,National,12,FET,Life Orientation,Paper 1,English,past paper,2025,November,NSC November final exam,https://www.education.gov.za/LinkClick.aspx?fileticket=0NECGL07Iu4%3d&tabid=5742&portalid=0&mid=14892&forcedownload=true,https://www.education.gov.za/LinkClick.aspx?fileticket=IgJTQDu_M6g%3d&tabid=5742&portalid=0&mid=14892&forcedownload=true,unknown,A,87,https://www.education.gov.za/Curriculum/NationalSeniorCertificate(NSC)Examinations/2025NovemberExamPapers.aspx,DBE 2025 November Exam Papers index,2026-09-05,2026-09-05,verified
2025 NSC Accounting Paper 2 + memo,Department of Basic Education,government,CAPS/NCS,South Africa,National,12,FET,Accounting,Paper 2,English,past paper,2025,November,NSC November final exam,https://www.education.gov.za/LinkClick.aspx?fileticket=3BYl4uHjIyA%3d&tabid=5742&portalid=0&mid=14825&forcedownload=true,https://www.education.gov.za/LinkClick.aspx?fileticket=xBkE4RhcBtc%3d&tabid=5742&portalid=0&mid=14825&forcedownload=true,unknown,A,90,https://www.education.gov.za/Curriculum/NationalSeniorCertificate(NSC)Examinations/2025NovemberExamPapers.aspx,DBE 2025 November Exam Papers index,2026-09-05,2026-09-05,verified
2025 NSC Business Studies Paper 2 + memo,Department of Basic Education,government,CAPS/NCS,South Africa,National,12,FET,Business Studies,Paper 2,English,past paper,2025,November,NSC November final exam,https://www.education.gov.za/LinkClick.aspx?fileticket=exxYQ15vBPs%3d&tabid=5742&portalid=0&mid=14829&forcedownload=true,https://www.education.gov.za/LinkClick.aspx?fileticket=mPciP6R-yfQ%3d&tabid=5742&portalid=0&mid=14829&forcedownload=true,unknown,A,90,https://www.education.gov.za/Curriculum/NationalSeniorCertificate(NSC)Examinations/2025NovemberExamPapers.aspx,DBE 2025 November Exam Papers index,2026-09-05,2026-09-05,verified
2025 NSC Economics Paper 2 + memo,Department of Basic Education,government,CAPS/NCS,South Africa,National,12,FET,Economics,Paper 2,English,past paper,2025,November,NSC November final exam,https://www.education.gov.za/LinkClick.aspx?fileticket=Bi6CsZZVPzo%3d&tabid=5742&portalid=0&mid=14836&forcedownload=true,https://www.education.gov.za/LinkClick.aspx?fileticket=iIiF0mlTUsU%3d&tabid=5742&portalid=0&mid=14836&forcedownload=true,unknown,A,90,https://www.education.gov.za/Curriculum/NationalSeniorCertificate(NSC)Examinations/2025NovemberExamPapers.aspx,DBE 2025 November Exam Papers index,2026-09-05,2026-09-05,verified
2025 NSC Geography Paper 2 + memo,Department of Basic Education,government,CAPS/NCS,South Africa,National,12,FET,Geography,Paper 2,English,past paper,2025,November,NSC November final exam,https://www.education.gov.za/LinkClick.aspx?fileticket=q-0mpNmbw9Q%3d&tabid=5742&portalid=0&mid=14839&forcedownload=true,https://www.education.gov.za/LinkClick.aspx?fileticket=V40npxGuaQY%3d&tabid=5742&portalid=0&mid=14839&forcedownload=true,unknown,A,89,https://www.education.gov.za/Curriculum/NationalSeniorCertificate(NSC)Examinations/2025NovemberExamPapers.aspx,DBE 2025 November Exam Papers index,2026-09-05,2026-09-05,verified
2025 NSC History Paper 2 + memo,Department of Basic Education,government,CAPS/NCS,South Africa,National,12,FET,History,Paper 2,English,past paper,2025,November,NSC November final exam,https://www.education.gov.za/LinkClick.aspx?fileticket=BTY7J86DRoQ%3d&tabid=5742&portalid=0&mid=14840&forcedownload=true,https://www.education.gov.za/LinkClick.aspx?fileticket=iXDlZV9jCl4%3d&tabid=5742&portalid=0&mid=14840&forcedownload=true,unknown,A,89,https://www.education.gov.za/Curriculum/NationalSeniorCertificate(NSC)Examinations/2025NovemberExamPapers.aspx,DBE 2025 November Exam Papers index,2026-09-05,2026-09-05,verified
2025 NSC Information Technology Paper 2 + memo,Department of Basic Education,government,CAPS/NCS,South Africa,National,12,FET,Information Technology,Paper 2,English,past paper,2025,November,NSC November final exam,https://www.education.gov.za/LinkClick.aspx?fileticket=ZsHAdWdQu08%3d&tabid=5742&portalid=0&mid=14842&forcedownload=true,https://www.education.gov.za/LinkClick.aspx?fileticket=0J8BUZWhfKw%3d&tabid=5742&portalid=0&mid=14842&forcedownload=true,unknown,A,88,https://www.education.gov.za/Curriculum/NationalSeniorCertificate(NSC)Examinations/2025NovemberExamPapers.aspx,DBE 2025 November Exam Papers index,2026-09-05,2026-09-05,verified
2025 NSC Agricultural Management Practices Paper 1 + memo,Department of Basic Education,government,CAPS/NCS,South Africa,National,12,FET,Agricultural Sciences,Agricultural Management Practices — Paper 1,English,past paper,2025,November,NSC November final exam,https://www.education.gov.za/LinkClick.aspx?fileticket=ex3nOl9lSrQ%3d&tabid=5742&portalid=0&mid=14826&forcedownload=true,https://www.education.gov.za/LinkClick.aspx?fileticket=c4EqQd5HfjU%3d&tabid=5742&portalid=0&mid=14826&forcedownload=true,unknown,A,84,https://www.education.gov.za/Curriculum/NationalSeniorCertificate(NSC)Examinations/2025NovemberExamPapers.aspx,DBE 2025 November Exam Papers index,2026-09-05,2026-09-05,verified
2025 NSC Agricultural Technology Paper 1 + memo,Department of Basic Education,government,CAPS/NCS,South Africa,National,12,FET,Agricultural Sciences,Agricultural Technology — Paper 1,English,past paper,2025,November,NSC November final exam,https://www.education.gov.za/LinkClick.aspx?fileticket=QZQ1ISeb-8Q%3d&tabid=5742&portalid=0&mid=14828&forcedownload=true,https://www.education.gov.za/LinkClick.aspx?fileticket=M8wXTMiQPCg%3d&tabid=5742&portalid=0&mid=14828&forcedownload=true,unknown,A,84,https://www.education.gov.za/Curriculum/NationalSeniorCertificate(NSC)Examinations/2025NovemberExamPapers.aspx,DBE 2025 November Exam Papers index,2026-09-05,2026-09-05,verified
2025 NSC Consumer Studies Paper 1 + memo,Department of Basic Education,government,CAPS/NCS,South Africa,National,12,FET,Consumer Studies,Paper 1,English,past paper,2025,November,NSC November final exam,https://www.education.gov.za/LinkClick.aspx?fileticket=2KmvhTl6edE%3d&tabid=5742&portalid=0&mid=14832&forcedownload=true,https://www.education.gov.za/LinkClick.aspx?fileticket=gcnFCqeK88Y%3d&tabid=5742&portalid=0&mid=14832&forcedownload=true,unknown,A,85,https://www.education.gov.za/Curriculum/NationalSeniorCertificate(NSC)Examinations/2025NovemberExamPapers.aspx,DBE 2025 November Exam Papers index,2026-09-05,2026-09-05,verified
2025 NSC Dance Studies Paper 1 + memo,Department of Basic Education,government,CAPS/NCS,South Africa,National,12,FET,Creative Arts,Dance Studies — Paper 1,English,past paper,2025,November,NSC November final exam,https://www.education.gov.za/LinkClick.aspx?fileticket=P06_9UMh3zk%3d&tabid=5742&portalid=0&mid=14833&forcedownload=true,https://www.education.gov.za/LinkClick.aspx?fileticket=fDP6fxw8uoY%3d&tabid=5742&portalid=0&mid=14833&forcedownload=true,unknown,A,83,https://www.education.gov.za/Curriculum/NationalSeniorCertificate(NSC)Examinations/2025NovemberExamPapers.aspx,DBE 2025 November Exam Papers index,2026-09-05,2026-09-05,verified
2025 NSC Design Paper 1 + memo,Department of Basic Education,government,CAPS/NCS,South Africa,National,12,FET,Visual Arts,Design — Paper 1,English,past paper,2025,November,NSC November final exam,https://www.education.gov.za/LinkClick.aspx?fileticket=YqH3ZC1Cl2Y%3d&tabid=5742&portalid=0&mid=14834&forcedownload=true,https://www.education.gov.za/LinkClick.aspx?fileticket=FVDcI-43OFk%3d&tabid=5742&portalid=0&mid=14834&forcedownload=true,unknown,A,84,https://www.education.gov.za/Curriculum/NationalSeniorCertificate(NSC)Examinations/2025NovemberExamPapers.aspx,DBE 2025 November Exam Papers index,2026-09-05,2026-09-05,verified
2025 NSC Hospitality Studies Paper 1 + memo,Department of Basic Education,government,CAPS/NCS,South Africa,National,12,FET,Consumer Studies,Hospitality Studies — Paper 1,English,past paper,2025,November,NSC November final exam,https://www.education.gov.za/LinkClick.aspx?fileticket=qwDUTLXA7Dw%3d&tabid=5742&portalid=0&mid=14841&forcedownload=true,https://www.education.gov.za/LinkClick.aspx?fileticket=2K0wHR0xYPk%3d&tabid=5742&portalid=0&mid=14841&forcedownload=true,unknown,A,84,https://www.education.gov.za/Curriculum/NationalSeniorCertificate(NSC)Examinations/2025NovemberExamPapers.aspx,DBE 2025 November Exam Papers index,2026-09-05,2026-09-05,verified
2025 NSC Agricultural Sciences Paper 1 + memo,Department of Basic Education,government,CAPS/NCS,South Africa,National,12,FET,Agricultural Sciences,Paper 1,English,past paper,2025,November,NSC November final exam,https://www.education.gov.za/LinkClick.aspx?fileticket=fLAKh9j_T8w%3d&tabid=5742&portalid=0&mid=14827&forcedownload=true,https://www.education.gov.za/LinkClick.aspx?fileticket=FO7umBQPKL4%3d&tabid=5742&portalid=0&mid=14827&forcedownload=true,unknown,A,88,https://www.education.gov.za/Curriculum/NationalSeniorCertificate(NSC)Examinations/2025NovemberExamPapers.aspx,DBE 2025 November Exam Papers index,2026-09-05,2026-09-05,verified
2025 NSC Agricultural Sciences Paper 2 + memo,Department of Basic Education,government,CAPS/NCS,South Africa,National,12,FET,Agricultural Sciences,Paper 2,English,past paper,2025,November,NSC November final exam,https://www.education.gov.za/LinkClick.aspx?fileticket=6fFO8x6uRP8%3d&tabid=5742&portalid=0&mid=14827&forcedownload=true,https://www.education.gov.za/LinkClick.aspx?fileticket=GS8zR9sXzj0%3d&tabid=5742&portalid=0&mid=14827&forcedownload=true,unknown,A,88,https://www.education.gov.za/Curriculum/NationalSeniorCertificate(NSC)Examinations/2025NovemberExamPapers.aspx,DBE 2025 November Exam Papers index,2026-09-05,2026-09-05,verified
2025 NSC Computer Applications Technology Paper 1 + memo,Department of Basic Education,government,CAPS/NCS,South Africa,National,12,FET,Computer Applications Technology,Paper 1,English,past paper,2025,November,NSC November final exam,https://www.education.gov.za/LinkClick.aspx?fileticket=eJc9iDV5LZY%3d&tabid=5742&portalid=0&mid=14831&forcedownload=true,https://www.education.gov.za/LinkClick.aspx?fileticket=bCu7Mup4UgQ%3d&tabid=5742&portalid=0&mid=14831&forcedownload=true,unknown,A,87,https://www.education.gov.za/Curriculum/NationalSeniorCertificate(NSC)Examinations/2025NovemberExamPapers.aspx,DBE 2025 November Exam Papers index,2026-09-05,2026-09-05,verified
2025 NSC Computer Applications Technology Paper 2 + memo,Department of Basic Education,government,CAPS/NCS,South Africa,National,12,FET,Computer Applications Technology,Paper 2,English,past paper,2025,November,NSC November final exam,https://www.education.gov.za/LinkClick.aspx?fileticket=KcbTBm-L1X4%3d&tabid=5742&portalid=0&mid=14831&forcedownload=true,https://www.education.gov.za/LinkClick.aspx?fileticket=wjW7mL3OwM0%3d&tabid=5742&portalid=0&mid=14831&forcedownload=true,unknown,A,87,https://www.education.gov.za/Curriculum/NationalSeniorCertificate(NSC)Examinations/2025NovemberExamPapers.aspx,DBE 2025 November Exam Papers index,2026-09-05,2026-09-05,verified
2025 NSC Engineering Graphics and Design Paper 1 + memo,Department of Basic Education,government,CAPS/NCS,South Africa,National,12,FET,Engineering Graphics and Design,Paper 1,English,past paper,2025,November,NSC November final exam,https://www.education.gov.za/LinkClick.aspx?fileticket=JA291kKX0LE%3d&tabid=5742&portalid=0&mid=14838&forcedownload=true,https://www.education.gov.za/LinkClick.aspx?fileticket=v3LMhglDN0w%3d&tabid=5742&portalid=0&mid=14838&forcedownload=true,unknown,A,86,https://www.education.gov.za/Curriculum/NationalSeniorCertificate(NSC)Examinations/2025NovemberExamPapers.aspx,DBE 2025 November Exam Papers index,2026-09-05,2026-09-05,verified
2025 NSC Engineering Graphics and Design Paper 2 + memo,Department of Basic Education,government,CAPS/NCS,South Africa,National,12,FET,Engineering Graphics and Design,Paper 2,English,past paper,2025,November,NSC November final exam,https://www.education.gov.za/LinkClick.aspx?fileticket=yZaENjL6084%3d&tabid=5742&portalid=0&mid=14838&forcedownload=true,https://www.education.gov.za/LinkClick.aspx?fileticket=E8nWiRr9DdA%3d&tabid=5742&portalid=0&mid=14838&forcedownload=true,unknown,A,86,https://www.education.gov.za/Curriculum/NationalSeniorCertificate(NSC)Examinations/2025NovemberExamPapers.aspx,DBE 2025 November Exam Papers index,2026-09-05,2026-09-05,verified
2025 NSC Civil Technology (Civil Services) Paper 1 + memo,Department of Basic Education,government,CAPS/NCS,South Africa,National,12,FET,Technology,Civil Technology — Civil Services stream,English,past paper,2025,November,NSC November final exam,https://www.education.gov.za/LinkClick.aspx?fileticket=o-jD9kdbiQk%3d&tabid=5742&portalid=0&mid=14830&forcedownload=true,https://www.education.gov.za/LinkClick.aspx?fileticket=cJbLql-E0IU%3d&tabid=5742&portalid=0&mid=14830&forcedownload=true,unknown,A,83,https://www.education.gov.za/Curriculum/NationalSeniorCertificate(NSC)Examinations/2025NovemberExamPapers.aspx,DBE 2025 November Exam Papers index,2026-09-05,2026-09-05,verified
2025 NSC Civil Technology (Construction) Paper 1 + memo,Department of Basic Education,government,CAPS/NCS,South Africa,National,12,FET,Technology,Civil Technology — Construction stream,English,past paper,2025,November,NSC November final exam,https://www.education.gov.za/LinkClick.aspx?fileticket=vBqjAWF1j-Y%3d&tabid=5742&portalid=0&mid=14830&forcedownload=true,https://www.education.gov.za/LinkClick.aspx?fileticket=hSYFGmfs914%3d&tabid=5742&portalid=0&mid=14830&forcedownload=true,unknown,A,83,https://www.education.gov.za/Curriculum/NationalSeniorCertificate(NSC)Examinations/2025NovemberExamPapers.aspx,DBE 2025 November Exam Papers index,2026-09-05,2026-09-05,verified
2025 NSC Electrical Technology (Digital Electronics) Paper 1 + memo,Department of Basic Education,government,CAPS/NCS,South Africa,National,12,FET,Technology,Electrical Technology — Digital Electronics stream,English,past paper,2025,November,NSC November final exam,https://www.education.gov.za/LinkClick.aspx?fileticket=JwQs31aURes%3d&tabid=5742&portalid=0&mid=14837&forcedownload=true,https://www.education.gov.za/LinkClick.aspx?fileticket=ElUjHvq77-A%3d&tabid=5742&portalid=0&mid=14837&forcedownload=true,unknown,A,83,https://www.education.gov.za/Curriculum/NationalSeniorCertificate(NSC)Examinations/2025NovemberExamPapers.aspx,DBE 2025 November Exam Papers index,2026-09-05,2026-09-05,verified
2025 NSC Electrical Technology (Power Electronics) Paper 1 + memo,Department of Basic Education,government,CAPS/NCS,South Africa,National,12,FET,Technology,Electrical Technology — Power Electronics stream,English,past paper,2025,November,NSC November final exam,https://www.education.gov.za/LinkClick.aspx?fileticket=Gvg7It6Li7w%3d&tabid=5742&portalid=0&mid=14837&forcedownload=true,https://www.education.gov.za/LinkClick.aspx?fileticket=4lKhu7qTqVk%3d&tabid=5742&portalid=0&mid=14837&forcedownload=true,unknown,A,83,https://www.education.gov.za/Curriculum/NationalSeniorCertificate(NSC)Examinations/2025NovemberExamPapers.aspx,DBE 2025 November Exam Papers index,2026-09-05,2026-09-05,verified
2025 NSC Electrical Technology (Power Systems) Paper 1 + memo,Department of Basic Education,government,CAPS/NCS,South Africa,National,12,FET,Technology,Electrical Technology — Power Systems stream,English,past paper,2025,November,NSC November final exam,https://www.education.gov.za/LinkClick.aspx?fileticket=AUAuIkD1Mss%3d&tabid=5742&portalid=0&mid=14837&forcedownload=true,https://www.education.gov.za/LinkClick.aspx?fileticket=ywaGrBRu4kk%3d&tabid=5742&portalid=0&mid=14837&forcedownload=true,unknown,A,83,https://www.education.gov.za/Curriculum/NationalSeniorCertificate(NSC)Examinations/2025NovemberExamPapers.aspx,DBE 2025 November Exam Papers index,2026-09-05,2026-09-05,verified
2025 NSC Afrikaans Home Language Paper 1 + memo,Department of Basic Education,government,CAPS/NCS,South Africa,National,12,FET,Languages,Afrikaans Home Language — Paper 1,Afrikaans,past paper,2025,November,NSC November final exam,https://www.education.gov.za/LinkClick.aspx?fileticket=-ndziWymKSo%3d&tabid=5742&portalid=0&mid=14812&forcedownload=true,https://www.education.gov.za/LinkClick.aspx?fileticket=IrUS0WtPgbM%3d&tabid=5742&portalid=0&mid=14812&forcedownload=true,unknown,A,86,https://www.education.gov.za/Curriculum/NationalSeniorCertificate(NSC)Examinations/2025NovemberExamPapers.aspx,DBE 2025 November Exam Papers index,2026-09-05,2026-09-05,verified
2025 NSC English Home Language Paper 1 + memo,Department of Basic Education,government,CAPS/NCS,South Africa,National,12,FET,Languages,English Home Language — Paper 1,English,past paper,2025,November,NSC November final exam,https://www.education.gov.za/LinkClick.aspx?fileticket=lBjX_BhxfDo%3d&tabid=5742&portalid=0&mid=14813&forcedownload=true,https://www.education.gov.za/LinkClick.aspx?fileticket=4uUJDTNayWI%3d&tabid=5742&portalid=0&mid=14813&forcedownload=true,unknown,A,86,https://www.education.gov.za/Curriculum/NationalSeniorCertificate(NSC)Examinations/2025NovemberExamPapers.aspx,DBE 2025 November Exam Papers index,2026-09-05,2026-09-05,verified
2025 NSC isiNdebele Home Language Paper 1 + memo,Department of Basic Education,government,CAPS/NCS,South Africa,National,12,FET,Languages,isiNdebele Home Language — Paper 1,isiNdebele,past paper,2025,November,NSC November final exam,https://www.education.gov.za/LinkClick.aspx?fileticket=r4p9-kddppY%3d&tabid=5742&portalid=0&mid=14814&forcedownload=true,https://www.education.gov.za/LinkClick.aspx?fileticket=LvI3wB41A-s%3d&tabid=5742&portalid=0&mid=14814&forcedownload=true,unknown,A,86,https://www.education.gov.za/Curriculum/NationalSeniorCertificate(NSC)Examinations/2025NovemberExamPapers.aspx,DBE 2025 November Exam Papers index,2026-09-05,2026-09-05,verified
2025 NSC isiXhosa Home Language Paper 1 + memo,Department of Basic Education,government,CAPS/NCS,South Africa,National,12,FET,Languages,isiXhosa Home Language — Paper 1,isiXhosa,past paper,2025,November,NSC November final exam,https://www.education.gov.za/LinkClick.aspx?fileticket=WkbhyZw76jo%3d&tabid=5742&portalid=0&mid=14815&forcedownload=true,https://www.education.gov.za/LinkClick.aspx?fileticket=0fG8i44UbOA%3d&tabid=5742&portalid=0&mid=14815&forcedownload=true,unknown,A,86,https://www.education.gov.za/Curriculum/NationalSeniorCertificate(NSC)Examinations/2025NovemberExamPapers.aspx,DBE 2025 November Exam Papers index,2026-09-05,2026-09-05,verified
2025 NSC isiZulu Home Language Paper 1 + memo,Department of Basic Education,government,CAPS/NCS,South Africa,National,12,FET,Languages,isiZulu Home Language — Paper 1,isiZulu,past paper,2025,November,NSC November final exam,https://www.education.gov.za/LinkClick.aspx?fileticket=Hbs5V1w1Mzw%3d&tabid=5742&portalid=0&mid=14816&forcedownload=true,https://www.education.gov.za/LinkClick.aspx?fileticket=-e2pPcJTaqY%3d&tabid=5742&portalid=0&mid=14816&forcedownload=true,unknown,A,86,https://www.education.gov.za/Curriculum/NationalSeniorCertificate(NSC)Examinations/2025NovemberExamPapers.aspx,DBE 2025 November Exam Papers index,2026-09-05,2026-09-05,verified
2025 NSC Sepedi Home Language Paper 1 + memo,Department of Basic Education,government,CAPS/NCS,South Africa,National,12,FET,Languages,Sepedi Home Language — Paper 1,Sepedi,past paper,2025,November,NSC November final exam,https://www.education.gov.za/LinkClick.aspx?fileticket=Exppv69deqU%3d&tabid=5742&portalid=0&mid=14818&forcedownload=true,https://www.education.gov.za/LinkClick.aspx?fileticket=xYhL5zG0Paw%3d&tabid=5742&portalid=0&mid=14818&forcedownload=true,unknown,A,86,https://www.education.gov.za/Curriculum/NationalSeniorCertificate(NSC)Examinations/2025NovemberExamPapers.aspx,DBE 2025 November Exam Papers index,2026-09-05,2026-09-05,verified
2025 NSC Setswana Home Language Paper 1 + memo,Department of Basic Education,government,CAPS/NCS,South Africa,National,12,FET,Languages,Setswana Home Language — Paper 1,Setswana,past paper,2025,November,NSC November final exam,https://www.education.gov.za/LinkClick.aspx?fileticket=cFMaUn-5jk0%3d&tabid=5742&portalid=0&mid=14819&forcedownload=true,https://www.education.gov.za/LinkClick.aspx?fileticket=mswUXRPKyQs%3d&tabid=5742&portalid=0&mid=14819&forcedownload=true,unknown,A,86,https://www.education.gov.za/Curriculum/NationalSeniorCertificate(NSC)Examinations/2025NovemberExamPapers.aspx,DBE 2025 November Exam Papers index,2026-09-05,2026-09-05,verified
2025 NSC Sesotho Home Language Paper 1 + memo,Department of Basic Education,government,CAPS/NCS,South Africa,National,12,FET,Languages,Sesotho Home Language — Paper 1,Sesotho,past paper,2025,November,NSC November final exam,https://www.education.gov.za/LinkClick.aspx?fileticket=QShb5Kegq-I%3d&tabid=5742&portalid=0&mid=14820&forcedownload=true,https://www.education.gov.za/LinkClick.aspx?fileticket=WIXrkdQEoQs%3d&tabid=5742&portalid=0&mid=14820&forcedownload=true,unknown,A,86,https://www.education.gov.za/Curriculum/NationalSeniorCertificate(NSC)Examinations/2025NovemberExamPapers.aspx,DBE 2025 November Exam Papers index,2026-09-05,2026-09-05,verified
2025 NSC siSwati Home Language Paper 1 + memo,Department of Basic Education,government,CAPS/NCS,South Africa,National,12,FET,Languages,siSwati Home Language — Paper 1,siSwati,past paper,2025,November,NSC November final exam,https://www.education.gov.za/LinkClick.aspx?fileticket=nrD9v0gbJcI%3d&tabid=5742&portalid=0&mid=14821&forcedownload=true,https://www.education.gov.za/LinkClick.aspx?fileticket=hZ_9LSpsQrw%3d&tabid=5742&portalid=0&mid=14821&forcedownload=true,unknown,A,86,https://www.education.gov.za/Curriculum/NationalSeniorCertificate(NSC)Examinations/2025NovemberExamPapers.aspx,DBE 2025 November Exam Papers index,2026-09-05,2026-09-05,verified
2025 NSC Tshivenda Home Language Paper 1 + memo,Department of Basic Education,government,CAPS/NCS,South Africa,National,12,FET,Languages,Tshivenda Home Language — Paper 1,Tshivenda,past paper,2025,November,NSC November final exam,https://www.education.gov.za/LinkClick.aspx?fileticket=UpnC0aL7f5o%3d&tabid=5742&portalid=0&mid=14822&forcedownload=true,https://www.education.gov.za/LinkClick.aspx?fileticket=LlQB-juiAHI%3d&tabid=5742&portalid=0&mid=14822&forcedownload=true,unknown,A,86,https://www.education.gov.za/Curriculum/NationalSeniorCertificate(NSC)Examinations/2025NovemberExamPapers.aspx,DBE 2025 November Exam Papers index,2026-09-05,2026-09-05,verified
2025 NSC Xitsonga Home Language Paper 1 + memo,Department of Basic Education,government,CAPS/NCS,South Africa,National,12,FET,Languages,Xitsonga Home Language — Paper 1,Xitsonga,past paper,2025,November,NSC November final exam,https://www.education.gov.za/LinkClick.aspx?fileticket=uwnT_fTEzO0%3d&tabid=5742&portalid=0&mid=14823&forcedownload=true,https://www.education.gov.za/LinkClick.aspx?fileticket=5G3DJE-bAb8%3d&tabid=5742&portalid=0&mid=14823&forcedownload=true,unknown,A,86,https://www.education.gov.za/Curriculum/NationalSeniorCertificate(NSC)Examinations/2025NovemberExamPapers.aspx,DBE 2025 November Exam Papers index,2026-09-05,2026-09-05,verified
2025 NSC Physical Sciences (Physics) Paper 1 + marking guidelines,Western Cape Education Department (hosting DBE-set paper),provincial government,CAPS/NCS,South Africa,National,12,FET,Physical Sciences,,English,past paper,2025,November,NSC November final exam,https://drive.google.com/uc?export=download&id=1Dq0z8D1JpnsDOFQSA-ihyG8SWJ7wRtHD,https://drive.google.com/uc?export=download&id=1fjjc-rI8-SzfuCWanFAMgKE3gbGlUY_B,CC BY-NC-ND,A,90,https://wcedeportal.westerncape.gov.za,WCED ePortal search,2026-09-05,2026-09-05,verified
2025 NSC Physical Sciences (Chemistry) Paper 2,Western Cape Education Department (hosting DBE-set paper),provincial government,CAPS/NCS,South Africa,National,12,FET,Physical Sciences,,English,past paper,2025,November,NSC November final exam,https://drive.google.com/uc?export=download&id=1Y5D_DefMG1FLkGvT8ScRgcI7U9_EZYw0,not_found,CC BY-NC-ND,A,85,https://wcedeportal.westerncape.gov.za,WCED ePortal search,2026-09-05,2026-09-05,verified
2025 Mathematics Paper 1 Exemplar,Western Cape Education Department (hosting DBE-set paper),provincial government,CAPS/NCS,South Africa,National,12,FET,Mathematics,,English,exemplar,2025,N/A,DBE exemplar,https://drive.google.com/uc?export=download&id=1Bn8IMdD5PibyZzwKXRynylrpYy6Izvjb,not_found,CC BY-NC-ND,A,78,https://wcedeportal.westerncape.gov.za,WCED ePortal search,2026-09-05,2026-09-05,verified
2025 Mathematical Literacy Paper 1 Exemplar,Western Cape Education Department (hosting DBE-set paper),provincial government,CAPS/NCS,South Africa,National,12,FET,Mathematical Literacy,,English,exemplar,2025,N/A,DBE exemplar,https://drive.google.com/uc?export=download&id=1JCx9j0VGPzq0lNMUtR-xKdXc7iM8PqVH,not_found,CC BY-NC-ND,A,78,https://wcedeportal.westerncape.gov.za,WCED ePortal search,2026-09-05,2026-09-05,verified
"DBE Workbook -- Grade R, Book 1",Department of Basic Education,government,CAPS/NCS,South Africa,National,R,Grade R,Early Childhood Development,,English,workbook,2026,N/A,N/A,https://www.education.gov.za/LinkClick.aspx?fileticket=hFCcRCMWxm8%3d&tabid=5726&portalid=0&mid=14753&forcedownload=true,not_found,unknown,A,80,https://www.education.gov.za/Curriculum/LearningandTeachingSupportMaterials(LTSM)/2026Workbooks1.aspx,DBE 2026 Workbooks (Terms 1 and 2) index,2026-09-05,2026-09-05,verified
"DBE Workbook -- Grade R, Book 2",Department of Basic Education,government,CAPS/NCS,South Africa,National,R,Grade R,Early Childhood Development,,English,workbook,2026,N/A,N/A,https://www.education.gov.za/LinkClick.aspx?fileticket=kr4Te5g4uho%3d&tabid=5726&portalid=0&mid=14754&forcedownload=true,not_found,unknown,A,80,https://www.education.gov.za/Curriculum/LearningandTeachingSupportMaterials(LTSM)/2026Workbooks1.aspx,DBE 2026 Workbooks (Terms 1 and 2) index,2026-09-05,2026-09-05,verified
DBE Workbook -- Grade 1 Literacy,Department of Basic Education,government,CAPS/NCS,South Africa,National,1,Foundation Phase,Literacy,,English,workbook,2026,N/A,N/A,https://www.education.gov.za/LinkClick.aspx?fileticket=7IYeu4gzcm8%3d&tabid=5726&portalid=0&mid=14755&forcedownload=true,not_found,unknown,A,82,https://www.education.gov.za/Curriculum/LearningandTeachingSupportMaterials(LTSM)/2026Workbooks1.aspx,DBE 2026 Workbooks (Terms 1 and 2) index,2026-09-05,2026-09-05,verified
DBE Workbook -- Grade 1 Life Skills,Department of Basic Education,government,CAPS/NCS,South Africa,National,1,Foundation Phase,Life Orientation,,English,workbook,2026,N/A,N/A,https://www.education.gov.za/LinkClick.aspx?fileticket=8YsyM6gWt-E%3d&tabid=5726&portalid=0&mid=14756&forcedownload=true,not_found,unknown,A,80,https://www.education.gov.za/Curriculum/LearningandTeachingSupportMaterials(LTSM)/2026Workbooks1.aspx,DBE 2026 Workbooks (Terms 1 and 2) index,2026-09-05,2026-09-05,verified
DBE Workbook -- Grade 1 Numeracy,Department of Basic Education,government,CAPS/NCS,South Africa,National,1,Foundation Phase,Numeracy,,English,workbook,2026,N/A,N/A,https://www.education.gov.za/LinkClick.aspx?fileticket=dwyVB3go6Tc%3d&tabid=5726&portalid=0&mid=14757&forcedownload=true,not_found,unknown,A,82,https://www.education.gov.za/Curriculum/LearningandTeachingSupportMaterials(LTSM)/2026Workbooks1.aspx,DBE 2026 Workbooks (Terms 1 and 2) index,2026-09-05,2026-09-05,verified
DBE Workbook -- Grade 2 Literacy,Department of Basic Education,government,CAPS/NCS,South Africa,National,2,Foundation Phase,Literacy,,English,workbook,2026,N/A,N/A,https://www.education.gov.za/LinkClick.aspx?fileticket=RatrEOYXFoE%3d&tabid=5726&portalid=0&mid=14758&forcedownload=true,not_found,unknown,A,82,https://www.education.gov.za/Curriculum/LearningandTeachingSupportMaterials(LTSM)/2026Workbooks1.aspx,DBE 2026 Workbooks (Terms 1 and 2) index,2026-09-05,2026-09-05,verified
DBE Workbook -- Grade 2 Life Skills,Department of Basic Education,government,CAPS/NCS,South Africa,National,2,Foundation Phase,Life Orientation,,English,workbook,2026,N/A,N/A,https://www.education.gov.za/LinkClick.aspx?fileticket=dcWYlr_VNBA%3d&tabid=5726&portalid=0&mid=14759&forcedownload=true,not_found,unknown,A,80,https://www.education.gov.za/Curriculum/LearningandTeachingSupportMaterials(LTSM)/2026Workbooks1.aspx,DBE 2026 Workbooks (Terms 1 and 2) index,2026-09-05,2026-09-05,verified
DBE Workbook -- Grade 2 Numeracy,Department of Basic Education,government,CAPS/NCS,South Africa,National,2,Foundation Phase,Numeracy,,English,workbook,2026,N/A,N/A,https://www.education.gov.za/LinkClick.aspx?fileticket=EuiIm3ap-64%3d&tabid=5726&portalid=0&mid=14760&forcedownload=true,not_found,unknown,A,82,https://www.education.gov.za/Curriculum/LearningandTeachingSupportMaterials(LTSM)/2026Workbooks1.aspx,DBE 2026 Workbooks (Terms 1 and 2) index,2026-09-05,2026-09-05,verified
DBE Workbook -- Grade 3 Literacy,Department of Basic Education,government,CAPS/NCS,South Africa,National,3,Foundation Phase,Literacy,,English,workbook,2026,N/A,N/A,https://www.education.gov.za/LinkClick.aspx?fileticket=9EgF4Pnd0X0%3d&tabid=5726&portalid=0&mid=14761&forcedownload=true,not_found,unknown,A,82,https://www.education.gov.za/Curriculum/LearningandTeachingSupportMaterials(LTSM)/2026Workbooks1.aspx,DBE 2026 Workbooks (Terms 1 and 2) index,2026-09-05,2026-09-05,verified
DBE Workbook -- Grade 4 Literacy,Department of Basic Education,government,CAPS/NCS,South Africa,National,4,Intermediate Phase,Languages,,English,workbook,2026,N/A,N/A,https://www.education.gov.za/LinkClick.aspx?fileticket=Zu4yrs5yn-Y%3d&tabid=5726&portalid=0&mid=14764&forcedownload=true,not_found,unknown,A,81,https://www.education.gov.za/Curriculum/LearningandTeachingSupportMaterials(LTSM)/2026Workbooks1.aspx,DBE 2026 Workbooks (Terms 1 and 2) index,2026-09-05,2026-09-05,verified
DBE Workbook -- Grade 4 Numeracy,Department of Basic Education,government,CAPS/NCS,South Africa,National,4,Intermediate Phase,Mathematics,,English,workbook,2026,N/A,N/A,https://www.education.gov.za/LinkClick.aspx?fileticket=Ru6p4lzV5jc%3d&tabid=5726&portalid=0&mid=14765&forcedownload=true,not_found,unknown,A,82,https://www.education.gov.za/Curriculum/LearningandTeachingSupportMaterials(LTSM)/2026Workbooks1.aspx,DBE 2026 Workbooks (Terms 1 and 2) index,2026-09-05,2026-09-05,verified
DBE Workbook -- Grade 5 Literacy,Department of Basic Education,government,CAPS/NCS,South Africa,National,5,Intermediate Phase,Languages,,English,workbook,2026,N/A,N/A,https://www.education.gov.za/LinkClick.aspx?fileticket=RDwFr3WQnU0%3d&tabid=5726&portalid=0&mid=14766&forcedownload=true,not_found,unknown,A,81,https://www.education.gov.za/Curriculum/LearningandTeachingSupportMaterials(LTSM)/2026Workbooks1.aspx,DBE 2026 Workbooks (Terms 1 and 2) index,2026-09-05,2026-09-05,verified
DBE Workbook -- Grade 5 Numeracy,Department of Basic Education,government,CAPS/NCS,South Africa,National,5,Intermediate Phase,Mathematics,,English,workbook,2026,N/A,N/A,https://www.education.gov.za/LinkClick.aspx?fileticket=wUg7YKcHLbw%3d&tabid=5726&portalid=0&mid=14767&forcedownload=true,not_found,unknown,A,82,https://www.education.gov.za/Curriculum/LearningandTeachingSupportMaterials(LTSM)/2026Workbooks1.aspx,DBE 2026 Workbooks (Terms 1 and 2) index,2026-09-05,2026-09-05,verified
DBE Workbook -- Grade 6 Literacy,Department of Basic Education,government,CAPS/NCS,South Africa,National,6,Intermediate Phase,Languages,,English,workbook,2026,N/A,N/A,https://www.education.gov.za/LinkClick.aspx?fileticket=DINfT7zhl40%3d&tabid=5726&portalid=0&mid=14768&forcedownload=true,not_found,unknown,A,81,https://www.education.gov.za/Curriculum/LearningandTeachingSupportMaterials(LTSM)/2026Workbooks1.aspx,DBE 2026 Workbooks (Terms 1 and 2) index,2026-09-05,2026-09-05,verified
DBE Workbook -- Grade 6 Numeracy,Department of Basic Education,government,CAPS/NCS,South Africa,National,6,Intermediate Phase,Mathematics,,English,workbook,2026,N/A,N/A,https://www.education.gov.za/LinkClick.aspx?fileticket=nYUzOPQOU8Q%3d&tabid=5726&portalid=0&mid=14769&forcedownload=true,not_found,unknown,A,82,https://www.education.gov.za/Curriculum/LearningandTeachingSupportMaterials(LTSM)/2026Workbooks1.aspx,DBE 2026 Workbooks (Terms 1 and 2) index,2026-09-05,2026-09-05,verified
DBE Workbook -- Grade 7 Numeracy,Department of Basic Education,government,CAPS/NCS,South Africa,National,7,Senior Phase,Mathematics,,English,workbook,2026,N/A,N/A,https://www.education.gov.za/LinkClick.aspx?fileticket=MQL7WhJvlr0%3d&tabid=5726&portalid=0&mid=14770&forcedownload=true,not_found,unknown,A,82,https://www.education.gov.za/Curriculum/LearningandTeachingSupportMaterials(LTSM)/2026Workbooks1.aspx,DBE 2026 Workbooks (Terms 1 and 2) index,2026-09-05,2026-09-05,verified
DBE Workbook -- Grade 8 Numeracy,Department of Basic Education,government,CAPS/NCS,South Africa,National,8,Senior Phase,Mathematics,,English,workbook,2026,N/A,N/A,https://www.education.gov.za/LinkClick.aspx?fileticket=28s9jDFU_jo%3d&tabid=5726&portalid=0&mid=14771&forcedownload=true,not_found,unknown,A,82,https://www.education.gov.za/Curriculum/LearningandTeachingSupportMaterials(LTSM)/2026Workbooks1.aspx,DBE 2026 Workbooks (Terms 1 and 2) index,2026-09-05,2026-09-05,verified
DBE Workbook -- Grade 9 Numeracy,Department of Basic Education,government,CAPS/NCS,South Africa,National,9,Senior Phase,Mathematics,,English,workbook,2026,N/A,N/A,https://www.education.gov.za/LinkClick.aspx?fileticket=VBNpqXlYS-8%3d&tabid=5726&portalid=0&mid=14772&forcedownload=true,not_found,unknown,A,82,https://www.education.gov.za/Curriculum/LearningandTeachingSupportMaterials(LTSM)/2026Workbooks1.aspx,DBE 2026 Workbooks (Terms 1 and 2) index,2026-09-05,2026-09-05,verified
DBE Workbook (Term 3 & 4) -- Grade R Book 3,Department of Basic Education,government,CAPS/NCS,South Africa,National,R,Grade R,Early Childhood Development,,English,workbook,2026,N/A,N/A,https://www.education.gov.za/LinkClick.aspx?fileticket=MKbh5TfkWpM%3d&tabid=5885&portalid=0&mid=15010&forcedownload=true,not_found,unknown,A,80,https://www.education.gov.za/Curriculum/LearningandTeachingSupportMaterials(LTSM)/2026WorkbooksTerm3and4.aspx,DBE 2026 Workbooks (Terms 1 and 2) index,2026-09-05,2026-09-05,verified
DBE Workbook (Term 3 & 4) -- Grade R Book 4,Department of Basic Education,government,CAPS/NCS,South Africa,National,R,Grade R,Early Childhood Development,,English,workbook,2026,N/A,N/A,https://www.education.gov.za/LinkClick.aspx?fileticket=rdFQ2gBXakw%3d&tabid=5885&portalid=0&mid=15011&forcedownload=true,not_found,unknown,A,80,https://www.education.gov.za/Curriculum/LearningandTeachingSupportMaterials(LTSM)/2026WorkbooksTerm3and4.aspx,DBE 2026 Workbooks (Terms 1 and 2) index,2026-09-05,2026-09-05,verified
DBE Workbook (Term 3 & 4) -- Grade 1 Literacy,Department of Basic Education,government,CAPS/NCS,South Africa,National,1,Foundation Phase,Literacy,,English,workbook,2026,N/A,N/A,https://www.education.gov.za/LinkClick.aspx?fileticket=spxczGX1JM8%3d&tabid=5885&portalid=0&mid=15012&forcedownload=true,not_found,unknown,A,82,https://www.education.gov.za/Curriculum/LearningandTeachingSupportMaterials(LTSM)/2026WorkbooksTerm3and4.aspx,DBE 2026 Workbooks (Terms 1 and 2) index,2026-09-05,2026-09-05,verified
DBE Workbook (Term 3 & 4) -- Grade 1 Life Skills,Department of Basic Education,government,CAPS/NCS,South Africa,National,1,Foundation Phase,Life Orientation,,English,workbook,2026,N/A,N/A,https://www.education.gov.za/LinkClick.aspx?fileticket=ivYMLNjXLw0%3d&tabid=5885&portalid=0&mid=15013&forcedownload=true,not_found,unknown,A,80,https://www.education.gov.za/Curriculum/LearningandTeachingSupportMaterials(LTSM)/2026WorkbooksTerm3and4.aspx,DBE 2026 Workbooks (Terms 1 and 2) index,2026-09-05,2026-09-05,verified
DBE Workbook (Term 3 & 4) -- Grade 1 Numeracy,Department of Basic Education,government,CAPS/NCS,South Africa,National,1,Foundation Phase,Numeracy,,English,workbook,2026,N/A,N/A,https://www.education.gov.za/LinkClick.aspx?fileticket=-e7J3CA4uYk%3d&tabid=5885&portalid=0&mid=15014&forcedownload=true,not_found,unknown,A,82,https://www.education.gov.za/Curriculum/LearningandTeachingSupportMaterials(LTSM)/2026WorkbooksTerm3and4.aspx,DBE 2026 Workbooks (Terms 1 and 2) index,2026-09-05,2026-09-05,verified
DBE Workbook (Term 3 & 4) -- Grade 2 Literacy,Department of Basic Education,government,CAPS/NCS,South Africa,National,2,Foundation Phase,Literacy,,English,workbook,2026,N/A,N/A,https://www.education.gov.za/LinkClick.aspx?fileticket=HB5BpUt3T9w%3d&tabid=5885&portalid=0&mid=15015&forcedownload=true,not_found,unknown,A,82,https://www.education.gov.za/Curriculum/LearningandTeachingSupportMaterials(LTSM)/2026WorkbooksTerm3and4.aspx,DBE 2026 Workbooks (Terms 1 and 2) index,2026-09-05,2026-09-05,verified
DBE Workbook (Term 3 & 4) -- Grade 2 Life Skills,Department of Basic Education,government,CAPS/NCS,South Africa,National,2,Foundation Phase,Life Orientation,,English,workbook,2026,N/A,N/A,https://www.education.gov.za/LinkClick.aspx?fileticket=2fSLm59uAuk%3d&tabid=5885&portalid=0&mid=15016&forcedownload=true,not_found,unknown,A,80,https://www.education.gov.za/Curriculum/LearningandTeachingSupportMaterials(LTSM)/2026WorkbooksTerm3and4.aspx,DBE 2026 Workbooks (Terms 1 and 2) index,2026-09-05,2026-09-05,verified
DBE Workbook (Term 3 & 4) -- Grade 2 Numeracy,Department of Basic Education,government,CAPS/NCS,South Africa,National,2,Foundation Phase,Numeracy,,English,workbook,2026,N/A,N/A,https://www.education.gov.za/LinkClick.aspx?fileticket=4TYtIoi-CTw%3d&tabid=5885&portalid=0&mid=15017&forcedownload=true,not_found,unknown,A,82,https://www.education.gov.za/Curriculum/LearningandTeachingSupportMaterials(LTSM)/2026WorkbooksTerm3and4.aspx,DBE 2026 Workbooks (Terms 1 and 2) index,2026-09-05,2026-09-05,verified
DBE Workbook (Term 3 & 4) -- Grade 3 Literacy,Department of Basic Education,government,CAPS/NCS,South Africa,National,3,Foundation Phase,Literacy,,English,workbook,2026,N/A,N/A,https://www.education.gov.za/LinkClick.aspx?fileticket=9UPelIM8y00%3d&tabid=5885&portalid=0&mid=15018&forcedownload=true,not_found,unknown,A,82,https://www.education.gov.za/Curriculum/LearningandTeachingSupportMaterials(LTSM)/2026WorkbooksTerm3and4.aspx,DBE 2026 Workbooks (Terms 1 and 2) index,2026-09-05,2026-09-05,verified
DBE Workbook (Term 3 & 4) -- Grade 3 Life Skills,Department of Basic Education,government,CAPS/NCS,South Africa,National,3,Foundation Phase,Life Orientation,,English,workbook,2026,N/A,N/A,https://www.education.gov.za/LinkClick.aspx?fileticket=VS-9DXmlKJI%3d&tabid=5885&portalid=0&mid=15019&forcedownload=true,not_found,unknown,A,80,https://www.education.gov.za/Curriculum/LearningandTeachingSupportMaterials(LTSM)/2026WorkbooksTerm3and4.aspx,DBE 2026 Workbooks (Terms 1 and 2) index,2026-09-05,2026-09-05,verified
DBE Workbook (Term 3 & 4) -- Grade 3 Numeracy,Department of Basic Education,government,CAPS/NCS,South Africa,National,3,Foundation Phase,Numeracy,,English,workbook,2026,N/A,N/A,https://www.education.gov.za/LinkClick.aspx?fileticket=59c7S3PQ9yc%3d&tabid=5885&portalid=0&mid=15020&forcedownload=true,not_found,unknown,A,82,https://www.education.gov.za/Curriculum/LearningandTeachingSupportMaterials(LTSM)/2026WorkbooksTerm3and4.aspx,DBE 2026 Workbooks (Terms 1 and 2) index,2026-09-05,2026-09-05,verified
DBE Workbook (Term 3 & 4) -- Grade 4 Literacy,Department of Basic Education,government,CAPS/NCS,South Africa,National,4,Intermediate Phase,Languages,,English,workbook,2026,N/A,N/A,https://www.education.gov.za/LinkClick.aspx?fileticket=op4U8VFVLIs%3d&tabid=5885&portalid=0&mid=15021&forcedownload=true,not_found,unknown,A,81,https://www.education.gov.za/Curriculum/LearningandTeachingSupportMaterials(LTSM)/2026WorkbooksTerm3and4.aspx,DBE 2026 Workbooks (Terms 1 and 2) index,2026-09-05,2026-09-05,verified
DBE Workbook (Term 3 & 4) -- Grade 4 Numeracy,Department of Basic Education,government,CAPS/NCS,South Africa,National,4,Intermediate Phase,Mathematics,,English,workbook,2026,N/A,N/A,https://www.education.gov.za/LinkClick.aspx?fileticket=Eo1SwhetH30%3d&tabid=5885&portalid=0&mid=15022&forcedownload=true,not_found,unknown,A,82,https://www.education.gov.za/Curriculum/LearningandTeachingSupportMaterials(LTSM)/2026WorkbooksTerm3and4.aspx,DBE 2026 Workbooks (Terms 1 and 2) index,2026-09-05,2026-09-05,verified
DBE Workbook (Term 3 & 4) -- Grade 5 Literacy,Department of Basic Education,government,CAPS/NCS,South Africa,National,5,Intermediate Phase,Languages,,English,workbook,2026,N/A,N/A,https://www.education.gov.za/LinkClick.aspx?fileticket=BGy6z1Df5FU%3d&tabid=5885&portalid=0&mid=15023&forcedownload=true,not_found,unknown,A,81,https://www.education.gov.za/Curriculum/LearningandTeachingSupportMaterials(LTSM)/2026WorkbooksTerm3and4.aspx,DBE 2026 Workbooks (Terms 1 and 2) index,2026-09-05,2026-09-05,verified
DBE Workbook (Term 3 & 4) -- Grade 5 Numeracy,Department of Basic Education,government,CAPS/NCS,South Africa,National,5,Intermediate Phase,Mathematics,,English,workbook,2026,N/A,N/A,https://www.education.gov.za/LinkClick.aspx?fileticket=8xhV1uzioMU%3d&tabid=5885&portalid=0&mid=15024&forcedownload=true,not_found,unknown,A,82,https://www.education.gov.za/Curriculum/LearningandTeachingSupportMaterials(LTSM)/2026WorkbooksTerm3and4.aspx,DBE 2026 Workbooks (Terms 1 and 2) index,2026-09-05,2026-09-05,verified
DBE Workbook (Term 3 & 4) -- Grade 6 Literacy,Department of Basic Education,government,CAPS/NCS,South Africa,National,6,Intermediate Phase,Languages,,English,workbook,2026,N/A,N/A,https://www.education.gov.za/LinkClick.aspx?fileticket=lfc6sB_y2DE%3d&tabid=5885&portalid=0&mid=15025&forcedownload=true,not_found,unknown,A,81,https://www.education.gov.za/Curriculum/LearningandTeachingSupportMaterials(LTSM)/2026WorkbooksTerm3and4.aspx,DBE 2026 Workbooks (Terms 1 and 2) index,2026-09-05,2026-09-05,verified
DBE Workbook (Term 3 & 4) -- Grade 6 Numeracy,Department of Basic Education,government,CAPS/NCS,South Africa,National,6,Intermediate Phase,Mathematics,,English,workbook,2026,N/A,N/A,https://www.education.gov.za/LinkClick.aspx?fileticket=n6VJI2L7KGs%3d&tabid=5885&portalid=0&mid=15026&forcedownload=true,not_found,unknown,A,82,https://www.education.gov.za/Curriculum/LearningandTeachingSupportMaterials(LTSM)/2026WorkbooksTerm3and4.aspx,DBE 2026 Workbooks (Terms 1 and 2) index,2026-09-05,2026-09-05,verified
DBE Workbook (Term 3 & 4) -- Grade 7 Numeracy,Department of Basic Education,government,CAPS/NCS,South Africa,National,7,Senior Phase,Mathematics,,English,workbook,2026,N/A,N/A,https://www.education.gov.za/LinkClick.aspx?fileticket=MakuTHAVjHg%3d&tabid=5885&portalid=0&mid=15027&forcedownload=true,not_found,unknown,A,82,https://www.education.gov.za/Curriculum/LearningandTeachingSupportMaterials(LTSM)/2026WorkbooksTerm3and4.aspx,DBE 2026 Workbooks (Terms 1 and 2) index,2026-09-05,2026-09-05,verified
DBE Workbook (Term 3 & 4) -- Grade 8 Numeracy,Department of Basic Education,government,CAPS/NCS,South Africa,National,8,Senior Phase,Mathematics,,English,workbook,2026,N/A,N/A,https://www.education.gov.za/LinkClick.aspx?fileticket=BH7iuLoI8ac%3d&tabid=5885&portalid=0&mid=15028&forcedownload=true,not_found,unknown,A,82,https://www.education.gov.za/Curriculum/LearningandTeachingSupportMaterials(LTSM)/2026WorkbooksTerm3and4.aspx,DBE 2026 Workbooks (Terms 1 and 2) index,2026-09-05,2026-09-05,verified
DBE Workbook (Term 3 & 4) -- Grade 9 Numeracy,Department of Basic Education,government,CAPS/NCS,South Africa,National,9,Senior Phase,Mathematics,,English,workbook,2026,N/A,N/A,https://www.education.gov.za/LinkClick.aspx?fileticket=3ZZi4SXsKBg%3d&tabid=5885&portalid=0&mid=15029&forcedownload=true,not_found,unknown,A,82,https://www.education.gov.za/Curriculum/LearningandTeachingSupportMaterials(LTSM)/2026WorkbooksTerm3and4.aspx,DBE 2026 Workbooks (Terms 1 and 2) index,2026-09-05,2026-09-05,verified
Siyavula Grade 10 Mathematics Learner's Book (Afrikaans),Siyavula (via Western Cape Education Department ePortal),OER organisation,CAPS/NCS,South Africa,National,10,FET,Mathematics,,Afrikaans,open textbook,2018,N/A,N/A,https://wcedeportal.co.za/node/76196,not_found,CC BY-ND,B,85,https://wcedeportal.co.za,WCED ePortal search,2026-09-05,2026-09-05,verified
Siyavula Grade 11 Physical Sciences Learner's Book (Afrikaans),Siyavula (via Western Cape Education Department ePortal),OER organisation,CAPS/NCS,South Africa,National,11,FET,Physical Sciences,,Afrikaans,open textbook,2018,N/A,N/A,https://wcedeportal.co.za/node/76291,not_found,CC BY-ND,B,85,https://wcedeportal.co.za,WCED ePortal search,2026-09-05,2026-09-05,verified
IMO 2024 Problems + Shortlist,International Mathematical Olympiad,competition organisation,Other,International,National,12,FET,Mathematics,Olympiad problems,English,Olympiad problem,2024,N/A,International Mathematical Olympiad,https://www.imo-official.org/assets/documents/problems/2024/2024_eng.pdf,https://www.imo-official.org/assets/documents/problems/2024/IMO2024SL.pdf,unknown,A,88,https://www.imo-official.org/problems/2024/,IMO official site (user-provided URL),2026-09-05,2026-09-05,verified
IMO 2025 Problems + Shortlist,International Mathematical Olympiad,competition organisation,Other,International,National,12,FET,Mathematics,Olympiad problems,English,Olympiad problem,2025,N/A,International Mathematical Olympiad,https://www.imo-official.org/assets/documents/problems/2025/2025_eng.pdf,https://www.imo-official.org/assets/documents/problems/2025/IMO2025SL.pdf,unknown,A,88,https://www.imo-official.org/problems/2025/,IMO official site (user-provided URL),2026-09-05,2026-09-05,verified
IMO 2026 Problems,International Mathematical Olympiad,competition organisation,Other,International,National,12,FET,Mathematics,Olympiad problems,English,Olympiad problem,2026,N/A,International Mathematical Olympiad,https://www.imo-official.org/assets/documents/problems/2026/2026_eng.pdf,not_found,unknown,A,88,https://www.imo-official.org/problems/2026/,IMO official site (user-provided URL),2026-09-05,2026-09-05,verified
2025 SA Mathematics Olympiad Grade 12 + memo,SA Olympiads,competition organisation,CAPS/NCS,South Africa,National,12,FET,Mathematics,Olympiad,English,Olympiad problem,2025,N/A,SA Olympiads annual competition,https://saolympiads.co.za/wp-content/uploads/2025/11/FEMSSISA-Grade-12-Mathematics-Olympiads-2025_1.pdf,https://saolympiads.co.za/wp-content/uploads/2025/11/FEMSSISA-MATHEMATICS-OLYMPIAD-GRADES-12-ANSWERS.pdf,unknown,B,82,https://saolympiads.co.za/past-papers/,SA Olympiads past papers page (user-provided URL),2026-09-05,2026-09-05,verified
2025 SA Business Studies Olympiad Grade 12 + memo,SA Olympiads,competition organisation,CAPS/NCS,South Africa,National,12,FET,Business Studies,Olympiad,English,Olympiad problem,2025,N/A,SA Olympiads annual competition,https://saolympiads.co.za/wp-content/uploads/2025/11/South-African-Business-Studies-Olympiads-Grade-12-2025.pdf,https://saolympiads.co.za/wp-content/uploads/2025/11/Business-Studies-Olympiad-Answers-GR-10-12-2025.pdf,unknown,B,80,https://saolympiads.co.za/past-papers/,SA Olympiads past papers page (user-provided URL),2026-09-05,2026-09-05,verified
2025 SA Accounting Olympiad Grade 12 + memo,SA Olympiads,competition organisation,CAPS/NCS,South Africa,National,12,FET,Accounting,Olympiad,English,Olympiad problem,2025,N/A,SA Olympiads annual competition,https://saolympiads.co.za/wp-content/uploads/2025/11/South-African-Accounting-Olympiads-Grade-12-2025.pdf,https://saolympiads.co.za/wp-content/uploads/2025/11/Accounting-Olympiad-Answers-GR-12-2025.pdf,unknown,B,80,https://saolympiads.co.za/past-papers/,SA Olympiads past papers page (user-provided URL),2026-09-05,2026-09-05,verified
2025 SA Mathematical Literacy Olympiad Grade 12 + memo,SA Olympiads,competition organisation,CAPS/NCS,South Africa,National,12,FET,Mathematical Literacy,Olympiad,English,Olympiad problem,2025,N/A,SA Olympiads annual competition,https://saolympiads.co.za/wp-content/uploads/2025/11/South-African-Mathematical-Literacy-Olympiads-Grade-12-2025-Final.pdf,https://saolympiads.co.za/wp-content/uploads/2025/11/SA-OLYMPIADS-Mathematical-Literacy-Olympiad-Answers-GR-10-12-2025.pdf,unknown,B,79,https://saolympiads.co.za/past-papers/,SA Olympiads past papers page (user-provided URL),2026-09-05,2026-09-05,verified
2025 SA English Home Language Olympiad Grade 9 + memo,SA Olympiads,competition organisation,CAPS/NCS,South Africa,National,9,Senior Phase,Languages,Olympiad,English,Olympiad problem,2025,N/A,SA Olympiads annual competition,https://saolympiads.co.za/wp-content/uploads/2025/11/ENGLISH-HL-GRADE-9-OLYMPIAD-QUESTION-PAPER.pdf,https://saolympiads.co.za/wp-content/uploads/2025/11/ENGLISH-HL-GRADE-9-MEMO.pdf,unknown,B,78,https://saolympiads.co.za/past-papers/,SA Olympiads past papers page (user-provided URL),2026-09-05,2026-09-05,verified
2025 SA Natural Science Olympiad Grade 9 + memo,SA Olympiads,competition organisation,CAPS/NCS,South Africa,National,9,Senior Phase,Natural Sciences,Olympiad,English,Olympiad problem,2025,N/A,SA Olympiads annual competition,https://saolympiads.co.za/wp-content/uploads/2025/11/Natural-Science-Olympiads-Grade-9-2025.pdf,https://saolympiads.co.za/wp-content/uploads/2026/07/South-African-Natural-Science-Olympiads-Grade-7-9-2025_Answers.pdf,unknown,B,79,https://saolympiads.co.za/past-papers/,SA Olympiads past papers page (user-provided URL),2026-09-05,2026-09-05,verified
2025 SA Coding and Robotics Olympiad Grade 9 + memo,SA Olympiads,competition organisation,CAPS/NCS,South Africa,National,9,Senior Phase,Coding & Robotics,Olympiad,English,Olympiad problem,2025,N/A,SA Olympiads annual competition,https://saolympiads.co.za/wp-content/uploads/2025/11/Coding-and-Robotics-EXAMINATION-GRADE-9.pdf,https://saolympiads.co.za/wp-content/uploads/2025/11/CR-Answers-grade-7-9.pdf,unknown,B,79,https://saolympiads.co.za/past-papers/,SA Olympiads past papers page (user-provided URL),2026-09-05,2026-09-05,verified
2025 SA Technology Olympiad Grade 9 + memo,SA Olympiads,competition organisation,CAPS/NCS,South Africa,National,9,Senior Phase,Technology,Olympiad,English,Olympiad problem,2025,N/A,SA Olympiads annual competition,https://saolympiads.co.za/wp-content/uploads/2025/11/South-African-Technology-Olympiads-2025-Grade-9.pdf,https://saolympiads.co.za/wp-content/uploads/2025/11/EMS-Olympiad-Answers-GR-8-9-2025-Final.pdf,unknown,B,77,https://saolympiads.co.za/past-papers/,SA Olympiads past papers page (user-provided URL),2026-09-05,2026-09-05,verified
2025 SA EMS Olympiad Grade 9 + memo,SA Olympiads,competition organisation,CAPS/NCS,South Africa,National,9,Senior Phase,Economics,Olympiad,English,Olympiad problem,2025,N/A,SA Olympiads annual competition,https://saolympiads.co.za/wp-content/uploads/2025/11/South-African-EMS-Olympiads-Grade-9-2025-Updated.pdf,https://saolympiads.co.za/wp-content/uploads/2025/11/EMS-Olympiad-Answers-GR-8-9-2025-Final.pdf,unknown,B,77,https://saolympiads.co.za/past-papers/,SA Olympiads past papers page (user-provided URL),2026-09-05,2026-09-05,verified
2025 SA Foundation Phase Mathematics Olympiad Grade 3 + memo,SA Olympiads,competition organisation,CAPS/NCS,South Africa,National,3,Foundation Phase,Mathematics,Olympiad,English,Olympiad problem,2025,N/A,SA Olympiads annual competition,https://saolympiads.co.za/wp-content/uploads/2025/11/FEMSSISA-Grade-3-Mathematics-Olympiads-2025.pdf,https://saolympiads.co.za/wp-content/uploads/2025/11/FOUNDATION-PHASE-MATHEMATICS-OLYMPIAD-ANSWERS-GR-1-3-2025.pdf,unknown,B,76,https://saolympiads.co.za/past-papers/,SA Olympiads past papers page (user-provided URL),2026-09-05,2026-09-05,verified
2023 SA Business Studies Olympiad Grade 10 + memo,SA Olympiads,competition organisation,CAPS/NCS,South Africa,National,10,FET,Business Studies,Olympiad,English,Olympiad problem,2023,N/A,SA Olympiads annual competition,https://saolympiads.co.za/wp-content/uploads/2023/12/South-African-Business-Studies-Olympiads-Grade-10-2023.pdf,https://saolympiads.co.za/wp-content/uploads/2023/12/Business-Studies-Olympiad-Answers-GR-10-11-2023.pdf,unknown,B,75,https://saolympiads.co.za/past-papers/,SA Olympiads past papers page (bulk expansion),2026-09-05,2026-09-05,verified
2024 SA Business Studies Olympiad Grade 10 + memo,SA Olympiads,competition organisation,CAPS/NCS,South Africa,National,10,FET,Business Studies,Olympiad,English,Olympiad problem,2024,N/A,SA Olympiads annual competition,https://saolympiads.co.za/wp-content/uploads/2025/01/South-African-Business-Studies-Olympiads-Grade-10-2024.pdf,https://saolympiads.co.za/wp-content/uploads/2025/01/Business-Studies-Olympiad-Answers-GR-10-12-2024.pdf,unknown,B,75,https://saolympiads.co.za/past-papers/,SA Olympiads past papers page (bulk expansion),2026-09-05,2026-09-05,verified
2025 SA Business Studies Olympiad Grade 10 + memo,SA Olympiads,competition organisation,CAPS/NCS,South Africa,National,10,FET,Business Studies,Olympiad,English,Olympiad problem,2025,N/A,SA Olympiads annual competition,https://saolympiads.co.za/wp-content/uploads/2025/11/South-African-Business-Studies-Olympiads-Grade-10-2025.pdf,https://saolympiads.co.za/wp-content/uploads/2025/11/Business-Studies-Olympiad-Answers-GR-10-12-2025.pdf,unknown,B,75,https://saolympiads.co.za/past-papers/,SA Olympiads past papers page (bulk expansion),2026-09-05,2026-09-05,verified
2023 SA Business Studies Olympiad Grade 11 + memo,SA Olympiads,competition organisation,CAPS/NCS,South Africa,National,11,FET,Business Studies,Olympiad,English,Olympiad problem,2023,N/A,SA Olympiads annual competition,https://saolympiads.co.za/wp-content/uploads/2023/12/South-African-Business-Studies-Olympiads-Grade-11-2023.pdf,https://saolympiads.co.za/wp-content/uploads/2023/12/Business-Studies-Olympiad-Answers-GR-10-11-2023.pdf,unknown,B,75,https://saolympiads.co.za/past-papers/,SA Olympiads past papers page (bulk expansion),2026-09-05,2026-09-05,verified
2024 SA Business Studies Olympiad Grade 11 + memo,SA Olympiads,competition organisation,CAPS/NCS,South Africa,National,11,FET,Business Studies,Olympiad,English,Olympiad problem,2024,N/A,SA Olympiads annual competition,https://saolympiads.co.za/wp-content/uploads/2025/01/South-African-Business-Studies-Olympiads-Grade-11-2024.pdf,https://saolympiads.co.za/wp-content/uploads/2025/01/Business-Studies-Olympiad-Answers-GR-10-12-2024.pdf,unknown,B,75,https://saolympiads.co.za/past-papers/,SA Olympiads past papers page (bulk expansion),2026-09-05,2026-09-05,verified
2025 SA Business Studies Olympiad Grade 11 + memo,SA Olympiads,competition organisation,CAPS/NCS,South Africa,National,11,FET,Business Studies,Olympiad,English,Olympiad problem,2025,N/A,SA Olympiads annual competition,https://saolympiads.co.za/wp-content/uploads/2025/11/South-African-Business-Studies-Olympiads-Grade-11-2025.pdf,https://saolympiads.co.za/wp-content/uploads/2025/11/Business-Studies-Olympiad-Answers-GR-10-12-2025.pdf,unknown,B,75,https://saolympiads.co.za/past-papers/,SA Olympiads past papers page (bulk expansion),2026-09-05,2026-09-05,verified
2024 SA Business Studies Olympiad Grade 12 + memo,SA Olympiads,competition organisation,CAPS/NCS,South Africa,National,12,FET,Business Studies,Olympiad,English,Olympiad problem,2024,N/A,SA Olympiads annual competition,https://saolympiads.co.za/wp-content/uploads/2025/01/South-African-Business-Studies-Olympiads-Grade-12-2024.pdf,https://saolympiads.co.za/wp-content/uploads/2025/01/Business-Studies-Olympiad-Answers-GR-10-12-2024.pdf,unknown,B,75,https://saolympiads.co.za/past-papers/,SA Olympiads past papers page (bulk expansion),2026-09-05,2026-09-05,verified
2024 SA Accounting Olympiad Grade 10 + memo,SA Olympiads,competition organisation,CAPS/NCS,South Africa,National,10,FET,Accounting,Olympiad,English,Olympiad problem,2024,N/A,SA Olympiads annual competition,https://saolympiads.co.za/wp-content/uploads/2025/01/South-African-Accounting-Olympiads-Grade-10-2024.pdf,https://saolympiads.co.za/wp-content/uploads/2025/01/Accounting-Olympiad-Answers-GR-10-2024.pdf,unknown,B,75,https://saolympiads.co.za/past-papers/,SA Olympiads past papers page (bulk expansion),2026-09-05,2026-09-05,verified
2025 SA Accounting Olympiad Grade 10 + memo,SA Olympiads,competition organisation,CAPS/NCS,South Africa,National,10,FET,Accounting,Olympiad,English,Olympiad problem,2025,N/A,SA Olympiads annual competition,https://saolympiads.co.za/wp-content/uploads/2025/11/South-African-Accounting-Olympiads-Grade-10-2025.pdf,https://saolympiads.co.za/wp-content/uploads/2025/11/Accounting-Olympiad-Answers-GR-10-2025.pdf,unknown,B,75,https://saolympiads.co.za/past-papers/,SA Olympiads past papers page (bulk expansion),2026-09-05,2026-09-05,verified
2024 SA Accounting Olympiad Grade 11 + memo,SA Olympiads,competition organisation,CAPS/NCS,South Africa,National,11,FET,Accounting,Olympiad,English,Olympiad problem,2024,N/A,SA Olympiads annual competition,https://saolympiads.co.za/wp-content/uploads/2025/01/South-African-Accounting-Olympiads-Grade-11-2024.pdf,https://saolympiads.co.za/wp-content/uploads/2025/01/Accounting-Olympiad-Answers-GR-11-2024.pdf,unknown,B,75,https://saolympiads.co.za/past-papers/,SA Olympiads past papers page (bulk expansion),2026-09-05,2026-09-05,verified
2025 SA Accounting Olympiad Grade 11 + memo,SA Olympiads,competition organisation,CAPS/NCS,South Africa,National,11,FET,Accounting,Olympiad,English,Olympiad problem,2025,N/A,SA Olympiads annual competition,https://saolympiads.co.za/wp-content/uploads/2025/11/South-African-Accounting-Olympiads-Grade-11-2025.pdf,https://saolympiads.co.za/wp-content/uploads/2025/11/Accounting-Olympiad-Answers-GR-11-2025.pdf,unknown,B,75,https://saolympiads.co.za/past-papers/,SA Olympiads past papers page (bulk expansion),2026-09-05,2026-09-05,verified
2024 SA Accounting Olympiad Grade 12 + memo,SA Olympiads,competition organisation,CAPS/NCS,South Africa,National,12,FET,Accounting,Olympiad,English,Olympiad problem,2024,N/A,SA Olympiads annual competition,https://saolympiads.co.za/wp-content/uploads/2025/01/South-African-Accounting-Olympiads-Grade-12-2024.pdf,https://saolympiads.co.za/wp-content/uploads/2025/01/Accounting-Olympiad-Answers-GR-12-2024.pdf,unknown,B,75,https://saolympiads.co.za/past-papers/,SA Olympiads past papers page (bulk expansion),2026-09-05,2026-09-05,verified
2023 SA Mathematical Literacy Olympiad Grade 10 + memo,SA Olympiads,competition organisation,CAPS/NCS,South Africa,National,10,FET,Mathematical Literacy,Olympiad,English,Olympiad problem,2023,N/A,SA Olympiads annual competition,https://saolympiads.co.za/wp-content/uploads/2023/12/South-African-Mathematical-Literacy-Olympiads-Grade-10-2023.pdf,https://saolympiads.co.za/wp-content/uploads/2023/12/Mathematical-Literacy-Olympiad-Answers-GR-10-11-2023.pdf,unknown,B,75,https://saolympiads.co.za/past-papers/,SA Olympiads past papers page (bulk expansion),2026-09-05,2026-09-05,verified
2024 SA Mathematical Literacy Olympiad Grade 10 + memo,SA Olympiads,competition organisation,CAPS/NCS,South Africa,National,10,FET,Mathematical Literacy,Olympiad,English,Olympiad problem,2024,N/A,SA Olympiads annual competition,https://saolympiads.co.za/wp-content/uploads/2025/01/South-African-Mathematical-Literacy-Olympiads-Grade-10-2024-Question-Paper.pdf,https://saolympiads.co.za/wp-content/uploads/2025/01/SA-OLYMPIADS-Mathematical-Literacy-Olympiad-Answers-GR-10-12-2024-Final.pdf,unknown,B,75,https://saolympiads.co.za/past-papers/,SA Olympiads past papers page (bulk expansion),2026-09-05,2026-09-05,verified
2025 SA Mathematical Literacy Olympiad Grade 10 + memo,SA Olympiads,competition organisation,CAPS/NCS,South Africa,National,10,FET,Mathematical Literacy,Olympiad,English,Olympiad problem,2025,N/A,SA Olympiads annual competition,https://saolympiads.co.za/wp-content/uploads/2025/11/South-African-Mathematical-Literacy-Olympiads-Grade-10-2025-Final.pdf,https://saolympiads.co.za/wp-content/uploads/2025/11/SA-OLYMPIADS-Mathematical-Literacy-Olympiad-Answers-GR-10-12-2025.pdf,unknown,B,75,https://saolympiads.co.za/past-papers/,SA Olympiads past papers page (bulk expansion),2026-09-05,2026-09-05,verified
2023 SA Mathematical Literacy Olympiad Grade 11 + memo,SA Olympiads,competition organisation,CAPS/NCS,South Africa,National,11,FET,Mathematical Literacy,Olympiad,English,Olympiad problem,2023,N/A,SA Olympiads annual competition,https://saolympiads.co.za/wp-content/uploads/2023/12/South-African-Mathematical-Literacy-Olympiads-Grade-11-2023.pdf,https://saolympiads.co.za/wp-content/uploads/2023/12/Mathematical-Literacy-Olympiad-Answers-GR-10-11-2023.pdf,unknown,B,75,https://saolympiads.co.za/past-papers/,SA Olympiads past papers page (bulk expansion),2026-09-05,2026-09-05,verified
2024 SA Mathematical Literacy Olympiad Grade 11 + memo,SA Olympiads,competition organisation,CAPS/NCS,South Africa,National,11,FET,Mathematical Literacy,Olympiad,English,Olympiad problem,2024,N/A,SA Olympiads annual competition,https://saolympiads.co.za/wp-content/uploads/2025/01/South-African-Mathematical-Literacy-Olympiads-Grade-11-2024-Question-Paper.pdf,https://saolympiads.co.za/wp-content/uploads/2025/01/SA-OLYMPIADS-Mathematical-Literacy-Olympiad-Answers-GR-10-12-2024-Final.pdf,unknown,B,75,https://saolympiads.co.za/past-papers/,SA Olympiads past papers page (bulk expansion),2026-09-05,2026-09-05,verified
2025 SA Mathematical Literacy Olympiad Grade 11 + memo,SA Olympiads,competition organisation,CAPS/NCS,South Africa,National,11,FET,Mathematical Literacy,Olympiad,English,Olympiad problem,2025,N/A,SA Olympiads annual competition,https://saolympiads.co.za/wp-content/uploads/2025/11/South-African-Mathematical-Literacy-Olympiads-Grade-11-2025-Final.pdf,https://saolympiads.co.za/wp-content/uploads/2025/11/SA-OLYMPIADS-Mathematical-Literacy-Olympiad-Answers-GR-10-12-2025.pdf,unknown,B,75,https://saolympiads.co.za/past-papers/,SA Olympiads past papers page (bulk expansion),2026-09-05,2026-09-05,verified
2024 SA Mathematical Literacy Olympiad Grade 12 + memo,SA Olympiads,competition organisation,CAPS/NCS,South Africa,National,12,FET,Mathematical Literacy,Olympiad,English,Olympiad problem,2024,N/A,SA Olympiads annual competition,https://saolympiads.co.za/wp-content/uploads/2025/01/South-African-Mathematical-Literacy-Olympiads-Grade-12-2024-Question-Paper.pdf,https://saolympiads.co.za/wp-content/uploads/2025/01/SA-OLYMPIADS-Mathematical-Literacy-Olympiad-Answers-GR-10-12-2024-Final.pdf,unknown,B,75,https://saolympiads.co.za/past-papers/,SA Olympiads past papers page (bulk expansion),2026-09-05,2026-09-05,verified
2025 SA EMS Olympiad Grade 7 + memo,SA Olympiads,competition organisation,CAPS/NCS,South Africa,National,7,Senior Phase,Economics,Olympiad,English,Olympiad problem,2025,N/A,SA Olympiads annual competition,https://saolympiads.co.za/wp-content/uploads/2025/11/South-African-EMS-Olympiad-Grade-7-2025.pdf,https://saolympiads.co.za/wp-content/uploads/2025/11/EMS-Olympiad-Answers-GR-7-2025.pdf,unknown,B,75,https://saolympiads.co.za/past-papers/,SA Olympiads past papers page (bulk expansion),2026-09-05,2026-09-05,verified
2024 SA EMS Olympiad Grade 8 + memo,SA Olympiads,competition organisation,CAPS/NCS,South Africa,National,8,Senior Phase,Economics,Olympiad,English,Olympiad problem,2024,N/A,SA Olympiads annual competition,https://saolympiads.co.za/wp-content/uploads/2025/01/South-African-EMS-Olympiads-Grade-8-2024.pdf,https://saolympiads.co.za/wp-content/uploads/2025/01/EMS-Olympiad-Answers-GR-8-9-2024.pdf,unknown,B,75,https://saolympiads.co.za/past-papers/,SA Olympiads past papers page (bulk expansion),2026-09-05,2026-09-05,verified
2025 SA EMS Olympiad Grade 8 + memo,SA Olympiads,competition organisation,CAPS/NCS,South Africa,National,8,Senior Phase,Economics,Olympiad,English,Olympiad problem,2025,N/A,SA Olympiads annual competition,https://saolympiads.co.za/wp-content/uploads/2025/11/South-African-EMS-Olympiads-Grade-8-2025.pdf,https://saolympiads.co.za/wp-content/uploads/2025/11/EMS-Olympiad-Answers-GR-8-9-2025-Final.pdf,unknown,B,75,https://saolympiads.co.za/past-papers/,SA Olympiads past papers page (bulk expansion),2026-09-05,2026-09-05,verified
2024 SA EMS Olympiad Grade 9 + memo,SA Olympiads,competition organisation,CAPS/NCS,South Africa,National,9,Senior Phase,Economics,Olympiad,English,Olympiad problem,2024,N/A,SA Olympiads annual competition,https://saolympiads.co.za/wp-content/uploads/2025/01/South-African-EMS-Olympiads-Grade-9-2024.pdf,https://saolympiads.co.za/wp-content/uploads/2025/01/EMS-Olympiad-Answers-GR-8-9-2024.pdf,unknown,B,75,https://saolympiads.co.za/past-papers/,SA Olympiads past papers page (bulk expansion),2026-09-05,2026-09-05,verified
2025 SA Technology Olympiad Grade 7 + memo,SA Olympiads,competition organisation,CAPS/NCS,South Africa,National,7,Senior Phase,Technology,Olympiad,English,Olympiad problem,2025,N/A,SA Olympiads annual competition,https://saolympiads.co.za/wp-content/uploads/2025/11/South-African-Technology-Olympiads-2025-Grade-7.pdf,https://saolympiads.co.za/wp-content/uploads/2025/11/Technology-Olympiad-Answers-2025-Grade-7-Updated.pdf,unknown,B,75,https://saolympiads.co.za/past-papers/,SA Olympiads past papers page (bulk expansion),2026-09-05,2026-09-05,verified
2024 SA Technology Olympiad Grade 8 + memo,SA Olympiads,competition organisation,CAPS/NCS,South Africa,National,8,Senior Phase,Technology,Olympiad,English,Olympiad problem,2024,N/A,SA Olympiads annual competition,https://saolympiads.co.za/wp-content/uploads/2025/01/South-African-Technology-Olympiads-Grade-8-2024.pdf,https://saolympiads.co.za/wp-content/uploads/2025/01/Technology-Olympiad-Answers-GR-8-9-2024.pdf,unknown,B,75,https://saolympiads.co.za/past-papers/,SA Olympiads past papers page (bulk expansion),2026-09-05,2026-09-05,verified
2025 SA Technology Olympiad Grade 8 + memo,SA Olympiads,competition organisation,CAPS/NCS,South Africa,National,8,Senior Phase,Technology,Olympiad,English,Olympiad problem,2025,N/A,SA Olympiads annual competition,https://saolympiads.co.za/wp-content/uploads/2025/11/South-African-Technology-Olympiads-2025-Grade-8.pdf,https://saolympiads.co.za/wp-content/uploads/2025/11/EMS-Olympiad-Answers-GR-8-9-2025-Final.pdf,unknown,B,75,https://saolympiads.co.za/past-papers/,SA Olympiads past papers page (bulk expansion),2026-09-05,2026-09-05,verified
2024 SA Technology Olympiad Grade 9 + memo,SA Olympiads,competition organisation,CAPS/NCS,South Africa,National,9,Senior Phase,Technology,Olympiad,English,Olympiad problem,2024,N/A,SA Olympiads annual competition,https://saolympiads.co.za/wp-content/uploads/2025/01/South-African-Technology-Olympiads-Grade-9-2024.pdf,https://saolympiads.co.za/wp-content/uploads/2025/01/Technology-Olympiad-Answers-GR-8-9-2024.pdf,unknown,B,75,https://saolympiads.co.za/past-papers/,SA Olympiads past papers page (bulk expansion),2026-09-05,2026-09-05,verified
2024 SA Natural Science Olympiad Grade 7 + memo,SA Olympiads,competition organisation,CAPS/NCS,South Africa,National,7,Senior Phase,Natural Sciences,Olympiad,English,Olympiad problem,2024,N/A,SA Olympiads annual competition,https://saolympiads.co.za/wp-content/uploads/2025/01/Natural-Science-Olympiads-Grade-7-2024.pdf,https://saolympiads.co.za/wp-content/uploads/2025/01/Natural-Science-Olympiad-Answers-GR-7-9-2024.pdf,unknown,B,75,https://saolympiads.co.za/past-papers/,SA Olympiads past papers page (bulk expansion),2026-09-05,2026-09-05,verified
2024 SA Natural Science Olympiad Grade 8 + memo,SA Olympiads,competition organisation,CAPS/NCS,South Africa,National,8,Senior Phase,Natural Sciences,Olympiad,English,Olympiad problem,2024,N/A,SA Olympiads annual competition,https://saolympiads.co.za/wp-content/uploads/2025/01/Natural-Science-Olympiads-Grade-8-2024.pdf,https://saolympiads.co.za/wp-content/uploads/2025/01/Natural-Science-Olympiad-Answers-GR-7-9-2024.pdf,unknown,B,75,https://saolympiads.co.za/past-papers/,SA Olympiads past papers page (bulk expansion),2026-09-05,2026-09-05,verified
2024 SA Natural Science Olympiad Grade 9 + memo,SA Olympiads,competition organisation,CAPS/NCS,South Africa,National,9,Senior Phase,Natural Sciences,Olympiad,English,Olympiad problem,2024,N/A,SA Olympiads annual competition,https://saolympiads.co.za/wp-content/uploads/2025/01/Natural-Science-Olympiads-Grade-9-2024.pdf,https://saolympiads.co.za/wp-content/uploads/2025/01/Natural-Science-Olympiad-Answers-GR-7-9-2024.pdf,unknown,B,75,https://saolympiads.co.za/past-papers/,SA Olympiads past papers page (bulk expansion),2026-09-05,2026-09-05,verified
2025 SA Natural Science Olympiad Grade 7 + memo,SA Olympiads,competition organisation,CAPS/NCS,South Africa,National,7,Senior Phase,Natural Sciences,Olympiad,English,Olympiad problem,2025,N/A,SA Olympiads annual competition,https://saolympiads.co.za/wp-content/uploads/2025/11/Natural-Science-Olympiads-Grade-7-2025.pdf,https://saolympiads.co.za/wp-content/uploads/2026/07/South-African-Natural-Science-Olympiads-Grade-7-9-2025_Answers.pdf,unknown,B,75,https://saolympiads.co.za/past-papers/,SA Olympiads past papers page (bulk expansion),2026-09-05,2026-09-05,verified
2025 SA Natural Science Olympiad Grade 8 + memo,SA Olympiads,competition organisation,CAPS/NCS,South Africa,National,8,Senior Phase,Natural Sciences,Olympiad,English,Olympiad problem,2025,N/A,SA Olympiads annual competition,https://saolympiads.co.za/wp-content/uploads/2025/11/Natural-Science-Olympiads-Grade-8-2025.pdf,https://saolympiads.co.za/wp-content/uploads/2026/07/South-African-Natural-Science-Olympiads-Grade-7-9-2025_Answers.pdf,unknown,B,75,https://saolympiads.co.za/past-papers/,SA Olympiads past papers page (bulk expansion),2026-09-05,2026-09-05,verified
2024 SA Natural Science & Technology Olympiad Grade 4 + memo,SA Olympiads,competition organisation,CAPS/NCS,South Africa,National,4,Intermediate Phase,Natural Sciences,Olympiad,English,Olympiad problem,2024,N/A,SA Olympiads annual competition,https://saolympiads.co.za/wp-content/uploads/2025/01/South-African-NSTech-Olympiads-Grade-4-2024.pdf,https://saolympiads.co.za/wp-content/uploads/2025/01/Natural-Science-%5E0-Technology-Olympiad-Answers-GR-4-6-2024.pdf,unknown,B,75,https://saolympiads.co.za/past-papers/,SA Olympiads past papers page (bulk expansion),2026-09-05,2026-09-05,verified
2025 SA Natural Science & Technology Olympiad Grade 4 + memo,SA Olympiads,competition organisation,CAPS/NCS,South Africa,National,4,Intermediate Phase,Natural Sciences,Olympiad,English,Olympiad problem,2025,N/A,SA Olympiads annual competition,https://saolympiads.co.za/wp-content/uploads/2025/11/South-African-NSTech-Olympiads-Grade-4-2025.pdf,https://saolympiads.co.za/wp-content/uploads/2025/11/Natural-Science-%5E0-Technology-Olympiad-Answers-GR-4-6-2025.pdf,unknown,B,75,https://saolympiads.co.za/past-papers/,SA Olympiads past papers page (bulk expansion),2026-09-05,2026-09-05,verified
2024 SA Natural Science & Technology Olympiad Grade 5 + memo,SA Olympiads,competition organisation,CAPS/NCS,South Africa,National,5,Intermediate Phase,Natural Sciences,Olympiad,English,Olympiad problem,2024,N/A,SA Olympiads annual competition,https://saolympiads.co.za/wp-content/uploads/2025/01/South-African-NSTech-Olympiads-Grade-5-2024.pdf,https://saolympiads.co.za/wp-content/uploads/2025/01/Natural-Science-%5E0-Technology-Olympiad-Answers-GR-4-6-2024.pdf,unknown,B,75,https://saolympiads.co.za/past-papers/,SA Olympiads past papers page (bulk expansion),2026-09-05,2026-09-05,verified
2025 SA Natural Science & Technology Olympiad Grade 5 + memo,SA Olympiads,competition organisation,CAPS/NCS,South Africa,National,5,Intermediate Phase,Natural Sciences,Olympiad,English,Olympiad problem,2025,N/A,SA Olympiads annual competition,https://saolympiads.co.za/wp-content/uploads/2025/11/South-African-NSTech-Olympiads-Grade-5-2025.pdf,https://saolympiads.co.za/wp-content/uploads/2025/11/Natural-Science-%5E0-Technology-Olympiad-Answers-GR-4-6-2025.pdf,unknown,B,75,https://saolympiads.co.za/past-papers/,SA Olympiads past papers page (bulk expansion),2026-09-05,2026-09-05,verified
2024 SA Natural Science & Technology Olympiad Grade 6 + memo,SA Olympiads,competition organisation,CAPS/NCS,South Africa,National,6,Intermediate Phase,Natural Sciences,Olympiad,English,Olympiad problem,2024,N/A,SA Olympiads annual competition,https://saolympiads.co.za/wp-content/uploads/2025/01/South-African-NSTech-Olympiads-Grade-6-2024.pdf,https://saolympiads.co.za/wp-content/uploads/2025/01/Natural-Science-%5E0-Technology-Olympiad-Answers-GR-4-6-2024.pdf,unknown,B,75,https://saolympiads.co.za/past-papers/,SA Olympiads past papers page (bulk expansion),2026-09-05,2026-09-05,verified
2025 SA Natural Science & Technology Olympiad Grade 6 + memo,SA Olympiads,competition organisation,CAPS/NCS,South Africa,National,6,Intermediate Phase,Natural Sciences,Olympiad,English,Olympiad problem,2025,N/A,SA Olympiads annual competition,https://saolympiads.co.za/wp-content/uploads/2025/11/South-African-NSTech-Olympiads-Grade-6-2025.pdf,https://saolympiads.co.za/wp-content/uploads/2025/11/Natural-Science-%5E0-Technology-Olympiad-Answers-GR-4-6-2025.pdf,unknown,B,75,https://saolympiads.co.za/past-papers/,SA Olympiads past papers page (bulk expansion),2026-09-05,2026-09-05,verified
2025 SA Coding and Robotics Olympiad Grade 1 + memo,SA Olympiads,competition organisation,CAPS/NCS,South Africa,National,1,Foundation Phase,Coding & Robotics,Olympiad,English,Olympiad problem,2025,N/A,SA Olympiads annual competition,https://saolympiads.co.za/wp-content/uploads/2025/11/Coding-and-Robotics-EXAMINATION-GRADE-1.pdf,https://saolympiads.co.za/wp-content/uploads/2025/11/CR-Answers-grade-1-3.pdf,unknown,B,75,https://saolympiads.co.za/past-papers/,SA Olympiads past papers page (bulk expansion),2026-09-05,2026-09-05,verified
2025 SA Coding and Robotics Olympiad Grade 2 + memo,SA Olympiads,competition organisation,CAPS/NCS,South Africa,National,2,Foundation Phase,Coding & Robotics,Olympiad,English,Olympiad problem,2025,N/A,SA Olympiads annual competition,https://saolympiads.co.za/wp-content/uploads/2025/11/Coding-and-Robotics-EXAMINATION-GRADE-2.pdf,https://saolympiads.co.za/wp-content/uploads/2025/11/CR-Answers-grade-1-3.pdf,unknown,B,75,https://saolympiads.co.za/past-papers/,SA Olympiads past papers page (bulk expansion),2026-09-05,2026-09-05,verified
2025 SA Coding and Robotics Olympiad Grade 3 + memo,SA Olympiads,competition organisation,CAPS/NCS,South Africa,National,3,Foundation Phase,Coding & Robotics,Olympiad,English,Olympiad problem,2025,N/A,SA Olympiads annual competition,https://saolympiads.co.za/wp-content/uploads/2025/11/Coding-and-Robotics-EXAMINATION-GRADE-3.pdf,https://saolympiads.co.za/wp-content/uploads/2025/11/CR-Answers-grade-1-3.pdf,unknown,B,75,https://saolympiads.co.za/past-papers/,SA Olympiads past papers page (bulk expansion),2026-09-05,2026-09-05,verified
2024 SA Coding and Robotics Olympiad Grade 4 + memo,SA Olympiads,competition organisation,CAPS/NCS,South Africa,National,4,Intermediate Phase,Coding & Robotics,Olympiad,English,Olympiad problem,2024,N/A,SA Olympiads annual competition,https://saolympiads.co.za/wp-content/uploads/2025/01/Coding-and-Robotics-EXAMINATION-GRADE-4.pdf,https://saolympiads.co.za/wp-content/uploads/2025/01/Coding-%5EL0-Robotics-Marking-Memo-Grade-4-7.pdf,unknown,B,75,https://saolympiads.co.za/past-papers/,SA Olympiads past papers page (bulk expansion),2026-09-05,2026-09-05,verified
2025 SA Coding and Robotics Olympiad Grade 4 + memo,SA Olympiads,competition organisation,CAPS/NCS,South Africa,National,4,Intermediate Phase,Coding & Robotics,Olympiad,English,Olympiad problem,2025,N/A,SA Olympiads annual competition,https://saolympiads.co.za/wp-content/uploads/2025/11/Coding-and-Robotics-EXAMINATION-GRADE-4.pdf,https://saolympiads.co.za/wp-content/uploads/2025/11/CR-Answers-grade-4-6.pdf,unknown,B,75,https://saolympiads.co.za/past-papers/,SA Olympiads past papers page (bulk expansion),2026-09-05,2026-09-05,verified
2024 SA Coding and Robotics Olympiad Grade 5 + memo,SA Olympiads,competition organisation,CAPS/NCS,South Africa,National,5,Intermediate Phase,Coding & Robotics,Olympiad,English,Olympiad problem,2024,N/A,SA Olympiads annual competition,https://saolympiads.co.za/wp-content/uploads/2025/01/Coding-and-Robotics-EXAMINATION-GRADE-5.pdf,https://saolympiads.co.za/wp-content/uploads/2025/01/Coding-%5EL0-Robotics-Marking-Memo-Grade-4-7.pdf,unknown,B,75,https://saolympiads.co.za/past-papers/,SA Olympiads past papers page (bulk expansion),2026-09-05,2026-09-05,verified
2025 SA Coding and Robotics Olympiad Grade 5 + memo,SA Olympiads,competition organisation,CAPS/NCS,South Africa,National,5,Intermediate Phase,Coding & Robotics,Olympiad,English,Olympiad problem,2025,N/A,SA Olympiads annual competition,https://saolympiads.co.za/wp-content/uploads/2025/11/Coding-and-Robotics-EXAMINATION-GRADE-5.pdf,https://saolympiads.co.za/wp-content/uploads/2025/11/CR-Answers-grade-4-6.pdf,unknown,B,75,https://saolympiads.co.za/past-papers/,SA Olympiads past papers page (bulk expansion),2026-09-05,2026-09-05,verified
2024 SA Coding and Robotics Olympiad Grade 6 + memo,SA Olympiads,competition organisation,CAPS/NCS,South Africa,National,6,Intermediate Phase,Coding & Robotics,Olympiad,English,Olympiad problem,2024,N/A,SA Olympiads annual competition,https://saolympiads.co.za/wp-content/uploads/2025/01/Coding-and-Robotics-EXAMINATION-GRADE-6.pdf,https://saolympiads.co.za/wp-content/uploads/2025/01/Coding-%5EL0-Robotics-Marking-Memo-Grade-4-7.pdf,unknown,B,75,https://saolympiads.co.za/past-papers/,SA Olympiads past papers page (bulk expansion),2026-09-05,2026-09-05,verified
2025 SA Coding and Robotics Olympiad Grade 6 + memo,SA Olympiads,competition organisation,CAPS/NCS,South Africa,National,6,Intermediate Phase,Coding & Robotics,Olympiad,English,Olympiad problem,2025,N/A,SA Olympiads annual competition,https://saolympiads.co.za/wp-content/uploads/2025/11/Coding-and-Robotics-EXAMINATION-GRADE-6.pdf,https://saolympiads.co.za/wp-content/uploads/2025/11/CR-Answers-grade-4-6.pdf,unknown,B,75,https://saolympiads.co.za/past-papers/,SA Olympiads past papers page (bulk expansion),2026-09-05,2026-09-05,verified
2024 SA Coding and Robotics Olympiad Grade 7 + memo,SA Olympiads,competition organisation,CAPS/NCS,South Africa,National,7,Senior Phase,Coding & Robotics,Olympiad,English,Olympiad problem,2024,N/A,SA Olympiads annual competition,https://saolympiads.co.za/wp-content/uploads/2025/01/Coding-and-Robotics-EXAMINATION-GRADE-7.pdf,https://saolympiads.co.za/wp-content/uploads/2025/01/Coding-%5EL0-Robotics-Marking-Memo-Grade-4-7.pdf,unknown,B,75,https://saolympiads.co.za/past-papers/,SA Olympiads past papers page (bulk expansion),2026-09-05,2026-09-05,verified
2025 SA Coding and Robotics Olympiad Grade 7 + memo,SA Olympiads,competition organisation,CAPS/NCS,South Africa,National,7,Senior Phase,Coding & Robotics,Olympiad,English,Olympiad problem,2025,N/A,SA Olympiads annual competition,https://saolympiads.co.za/wp-content/uploads/2025/11/Coding-and-Robotics-EXAMINATION-GRADE-7.pdf,https://saolympiads.co.za/wp-content/uploads/2025/11/CR-Answers-grade-7-9.pdf,unknown,B,75,https://saolympiads.co.za/past-papers/,SA Olympiads past papers page (bulk expansion),2026-09-05,2026-09-05,verified
2025 SA Coding and Robotics Olympiad Grade 8 + memo,SA Olympiads,competition organisation,CAPS/NCS,South Africa,National,8,Senior Phase,Coding & Robotics,Olympiad,English,Olympiad problem,2025,N/A,SA Olympiads annual competition,https://saolympiads.co.za/wp-content/uploads/2025/11/Coding-and-Robotics-EXAMINATION-GRADE-8.pdf,https://saolympiads.co.za/wp-content/uploads/2025/11/CR-Answers-grade-7-9.pdf,unknown,B,75,https://saolympiads.co.za/past-papers/,SA Olympiads past papers page (bulk expansion),2026-09-05,2026-09-05,verified
2022 SA Foundation Phase Mathematics Olympiad Grade 1 + memo,SA Olympiads,competition organisation,CAPS/NCS,South Africa,National,1,Foundation Phase,Mathematics,Olympiad,English,Olympiad problem,2022,N/A,SA Olympiads annual competition,https://saolympiads.co.za/wp-content/uploads/2022/12/FEMSSISA-Grade-1-Mathematics-Olympiads-2022.pdf,https://saolympiads.co.za/wp-content/uploads/2022/12/FEMSSISA-MATHEMATICS-OLYMPIAD-ANSWERS-GR-1-3-2022.pdf,unknown,B,75,https://saolympiads.co.za/past-papers/,SA Olympiads past papers page (bulk expansion),2026-09-05,2026-09-05,verified
2023 SA Foundation Phase Mathematics Olympiad Grade 1 + memo,SA Olympiads,competition organisation,CAPS/NCS,South Africa,National,1,Foundation Phase,Mathematics,Olympiad,English,Olympiad problem,2023,N/A,SA Olympiads annual competition,https://saolympiads.co.za/wp-content/uploads/2023/12/FEMSSISA-Grade-1-Mathematics-Olympiads-2023.pdf,https://saolympiads.co.za/wp-content/uploads/2023/12/FOUNDATION-PHASE-MATHEMATICS-OLYMPIAD-ANSWERS-GR-1-3-2023.pdf,unknown,B,75,https://saolympiads.co.za/past-papers/,SA Olympiads past papers page (bulk expansion),2026-09-05,2026-09-05,verified
2024 SA Foundation Phase Mathematics Olympiad Grade 1 + memo,SA Olympiads,competition organisation,CAPS/NCS,South Africa,National,1,Foundation Phase,Mathematics,Olympiad,English,Olympiad problem,2024,N/A,SA Olympiads annual competition,https://saolympiads.co.za/wp-content/uploads/2025/01/FEMSSISA-Grade-1-Mathematics-Olympiads-2024.pdf,https://saolympiads.co.za/wp-content/uploads/2025/01/FOUNDATION-PHASE-MATHEMATICS-OLYMPIAD-ANSWERS-GR-1-3-2024.pdf,unknown,B,75,https://saolympiads.co.za/past-papers/,SA Olympiads past papers page (bulk expansion),2026-09-05,2026-09-05,verified
2025 SA Foundation Phase Mathematics Olympiad Grade 1 + memo,SA Olympiads,competition organisation,CAPS/NCS,South Africa,National,1,Foundation Phase,Mathematics,Olympiad,English,Olympiad problem,2025,N/A,SA Olympiads annual competition,https://saolympiads.co.za/wp-content/uploads/2025/11/FEMSSISA-Grade-1-Mathematics-Olympiads-2025.pdf,https://saolympiads.co.za/wp-content/uploads/2025/11/FOUNDATION-PHASE-MATHEMATICS-OLYMPIAD-ANSWERS-GR-1-3-2025.pdf,unknown,B,75,https://saolympiads.co.za/past-papers/,SA Olympiads past papers page (bulk expansion),2026-09-05,2026-09-05,verified
2022 SA Foundation Phase Mathematics Olympiad Grade 2 + memo,SA Olympiads,competition organisation,CAPS/NCS,South Africa,National,2,Foundation Phase,Mathematics,Olympiad,English,Olympiad problem,2022,N/A,SA Olympiads annual competition,https://saolympiads.co.za/wp-content/uploads/2022/12/FEMSSISA-Grade-2-Mathematics-Olympiads-2022.pdf,https://saolympiads.co.za/wp-content/uploads/2022/12/FEMSSISA-MATHEMATICS-OLYMPIAD-ANSWERS-GR-1-3-2022.pdf,unknown,B,75,https://saolympiads.co.za/past-papers/,SA Olympiads past papers page (bulk expansion),2026-09-05,2026-09-05,verified
2023 SA Foundation Phase Mathematics Olympiad Grade 2 + memo,SA Olympiads,competition organisation,CAPS/NCS,South Africa,National,2,Foundation Phase,Mathematics,Olympiad,English,Olympiad problem,2023,N/A,SA Olympiads annual competition,https://saolympiads.co.za/wp-content/uploads/2023/12/FEMSSISA-Grade-2-Mathematics-Olympiads-2023.pdf,https://saolympiads.co.za/wp-content/uploads/2023/12/FOUNDATION-PHASE-MATHEMATICS-OLYMPIAD-ANSWERS-GR-1-3-2023.pdf,unknown,B,75,https://saolympiads.co.za/past-papers/,SA Olympiads past papers page (bulk expansion),2026-09-05,2026-09-05,verified
2024 SA Foundation Phase Mathematics Olympiad Grade 2 + memo,SA Olympiads,competition organisation,CAPS/NCS,South Africa,National,2,Foundation Phase,Mathematics,Olympiad,English,Olympiad problem,2024,N/A,SA Olympiads annual competition,https://saolympiads.co.za/wp-content/uploads/2025/01/FEMSSISA-Grade-2-Mathematics-Olympiads-2024.pdf,https://saolympiads.co.za/wp-content/uploads/2025/01/FOUNDATION-PHASE-MATHEMATICS-OLYMPIAD-ANSWERS-GR-1-3-2024.pdf,unknown,B,75,https://saolympiads.co.za/past-papers/,SA Olympiads past papers page (bulk expansion),2026-09-05,2026-09-05,verified
2025 SA Foundation Phase Mathematics Olympiad Grade 2 + memo,SA Olympiads,competition organisation,CAPS/NCS,South Africa,National,2,Foundation Phase,Mathematics,Olympiad,English,Olympiad problem,2025,N/A,SA Olympiads annual competition,https://saolympiads.co.za/wp-content/uploads/2025/11/FEMSSISA-Grade-2-Mathematics-Olympiads-2025.pdf,https://saolympiads.co.za/wp-content/uploads/2025/11/FOUNDATION-PHASE-MATHEMATICS-OLYMPIAD-ANSWERS-GR-1-3-2025.pdf,unknown,B,75,https://saolympiads.co.za/past-papers/,SA Olympiads past papers page (bulk expansion),2026-09-05,2026-09-05,verified
2022 SA Foundation Phase Mathematics Olympiad Grade 3 + memo,SA Olympiads,competition organisation,CAPS/NCS,South Africa,National,3,Foundation Phase,Mathematics,Olympiad,English,Olympiad problem,2022,N/A,SA Olympiads annual competition,https://saolympiads.co.za/wp-content/uploads/2022/12/FEMSSISA-Grade-3-Mathematics-Olympiads-2022-Final.pdf,https://saolympiads.co.za/wp-content/uploads/2022/12/FEMSSISA-MATHEMATICS-OLYMPIAD-ANSWERS-GR-1-3-2022.pdf,unknown,B,75,https://saolympiads.co.za/past-papers/,SA Olympiads past papers page (bulk expansion),2026-09-05,2026-09-05,verified
2023 SA Foundation Phase Mathematics Olympiad Grade 3 + memo,SA Olympiads,competition organisation,CAPS/NCS,South Africa,National,3,Foundation Phase,Mathematics,Olympiad,English,Olympiad problem,2023,N/A,SA Olympiads annual competition,https://saolympiads.co.za/wp-content/uploads/2023/12/FEMSSISA-Grade-3-Mathematics-Olympiads-2023.pdf,https://saolympiads.co.za/wp-content/uploads/2023/12/FOUNDATION-PHASE-MATHEMATICS-OLYMPIAD-ANSWERS-GR-1-3-2023.pdf,unknown,B,75,https://saolympiads.co.za/past-papers/,SA Olympiads past papers page (bulk expansion),2026-09-05,2026-09-05,verified
2024 SA Foundation Phase Mathematics Olympiad Grade 3 + memo,SA Olympiads,competition organisation,CAPS/NCS,South Africa,National,3,Foundation Phase,Mathematics,Olympiad,English,Olympiad problem,2024,N/A,SA Olympiads annual competition,https://saolympiads.co.za/wp-content/uploads/2025/08/FEMSSISA-Grade-3-Mathematics-Olympiads-2024.pdf,https://saolympiads.co.za/wp-content/uploads/2025/01/FOUNDATION-PHASE-MATHEMATICS-OLYMPIAD-ANSWERS-GR-1-3-2024.pdf,unknown,B,75,https://saolympiads.co.za/past-papers/,SA Olympiads past papers page (bulk expansion),2026-09-05,2026-09-05,verified
2022 SA Primary Mathematics Olympiad Grade 4 + memo,SA Olympiads,competition organisation,CAPS/NCS,South Africa,National,4,Intermediate Phase,Mathematics,Olympiad,English,Olympiad problem,2022,N/A,SA Olympiads annual competition,https://saolympiads.co.za/wp-content/uploads/2022/12/FEMSSISA-Grade-4-Mathematics-Olympiads-2022.pdf,https://saolympiads.co.za/wp-content/uploads/2023/06/FEMSSISA-MATHEMATICS-OLYMPIAD-ANSWERS-GR-4-7-2022-Final.pdf,unknown,B,75,https://saolympiads.co.za/past-papers/,SA Olympiads past papers page (bulk expansion),2026-09-05,2026-09-05,verified
2023 SA Primary Mathematics Olympiad Grade 4 + memo,SA Olympiads,competition organisation,CAPS/NCS,South Africa,National,4,Intermediate Phase,Mathematics,Olympiad,English,Olympiad problem,2023,N/A,SA Olympiads annual competition,https://saolympiads.co.za/wp-content/uploads/2023/12/FEMSSISA-Grade-4-Mathematics-Olympiads-2023-.pdf,https://saolympiads.co.za/wp-content/uploads/2023/12/MATHEMATICS-OLYMPIAD-ANSWERS-GR-4-7-2023.pdf,unknown,B,75,https://saolympiads.co.za/past-papers/,SA Olympiads past papers page (bulk expansion),2026-09-05,2026-09-05,verified
2024 SA Primary Mathematics Olympiad Grade 4 + memo,SA Olympiads,competition organisation,CAPS/NCS,South Africa,National,4,Intermediate Phase,Mathematics,Olympiad,English,Olympiad problem,2024,N/A,SA Olympiads annual competition,https://saolympiads.co.za/wp-content/uploads/2025/01/FEMSSISA-Grade-4-Mathematics-Olympiads-2024.pdf,https://saolympiads.co.za/wp-content/uploads/2025/01/FEMSSISA-MATHEMATICS-OLYMPIAD-ANSWERS-GR-4-7-2024.pdf,unknown,B,75,https://saolympiads.co.za/past-papers/,SA Olympiads past papers page (bulk expansion),2026-09-05,2026-09-05,verified
2025 SA Primary Mathematics Olympiad Grade 4 + memo,SA Olympiads,competition organisation,CAPS/NCS,South Africa,National,4,Intermediate Phase,Mathematics,Olympiad,English,Olympiad problem,2025,N/A,SA Olympiads annual competition,https://saolympiads.co.za/wp-content/uploads/2025/11/FEMSSISA-Grade-4-Mathematics-Olympiads-2025-1.pdf,https://saolympiads.co.za/wp-content/uploads/2025/11/FEMSSISA-MATHEMATICS-OLYMPIAD-ANSWERS-GR-4-7-2025.pdf,unknown,B,75,https://saolympiads.co.za/past-papers/,SA Olympiads past papers page (bulk expansion),2026-09-05,2026-09-05,verified
2022 SA Primary Mathematics Olympiad Grade 5 + memo,SA Olympiads,competition organisation,CAPS/NCS,South Africa,National,5,Intermediate Phase,Mathematics,Olympiad,English,Olympiad problem,2022,N/A,SA Olympiads annual competition,https://saolympiads.co.za/wp-content/uploads/2022/12/FEMSSISA-Grade-5-Mathematics-Olympiads-2022.pdf,https://saolympiads.co.za/wp-content/uploads/2023/06/FEMSSISA-MATHEMATICS-OLYMPIAD-ANSWERS-GR-4-7-2022-Final.pdf,unknown,B,75,https://saolympiads.co.za/past-papers/,SA Olympiads past papers page (bulk expansion),2026-09-05,2026-09-05,verified
2023 SA Primary Mathematics Olympiad Grade 5 + memo,SA Olympiads,competition organisation,CAPS/NCS,South Africa,National,5,Intermediate Phase,Mathematics,Olympiad,English,Olympiad problem,2023,N/A,SA Olympiads annual competition,https://saolympiads.co.za/wp-content/uploads/2023/12/FEMSSISA-Grade-5-Mathematics-Olympiads-2023.pdf,https://saolympiads.co.za/wp-content/uploads/2023/12/MATHEMATICS-OLYMPIAD-ANSWERS-GR-4-7-2023.pdf,unknown,B,75,https://saolympiads.co.za/past-papers/,SA Olympiads past papers page (bulk expansion),2026-09-05,2026-09-05,verified
2024 SA Primary Mathematics Olympiad Grade 5 + memo,SA Olympiads,competition organisation,CAPS/NCS,South Africa,National,5,Intermediate Phase,Mathematics,Olympiad,English,Olympiad problem,2024,N/A,SA Olympiads annual competition,https://saolympiads.co.za/wp-content/uploads/2025/01/FEMSSISA-Grade-5-Mathematics-Olympiads-2024.pdf,https://saolympiads.co.za/wp-content/uploads/2025/01/FEMSSISA-MATHEMATICS-OLYMPIAD-ANSWERS-GR-4-7-2024.pdf,unknown,B,75,https://saolympiads.co.za/past-papers/,SA Olympiads past papers page (bulk expansion),2026-09-05,2026-09-05,verified
2025 SA Primary Mathematics Olympiad Grade 5 + memo,SA Olympiads,competition organisation,CAPS/NCS,South Africa,National,5,Intermediate Phase,Mathematics,Olympiad,English,Olympiad problem,2025,N/A,SA Olympiads annual competition,https://saolympiads.co.za/wp-content/uploads/2025/11/FEMSSISA-Grade-5-Mathematics-Olympiads-2025.pdf,https://saolympiads.co.za/wp-content/uploads/2025/11/FEMSSISA-MATHEMATICS-OLYMPIAD-ANSWERS-GR-4-7-2025.pdf,unknown,B,75,https://saolympiads.co.za/past-papers/,SA Olympiads past papers page (bulk expansion),2026-09-05,2026-09-05,verified
2022 SA Primary Mathematics Olympiad Grade 6 + memo,SA Olympiads,competition organisation,CAPS/NCS,South Africa,National,6,Intermediate Phase,Mathematics,Olympiad,English,Olympiad problem,2022,N/A,SA Olympiads annual competition,https://saolympiads.co.za/wp-content/uploads/2022/12/FEMSSISA-Grade-6-Mathematics-Olympiads-2022.pdf,https://saolympiads.co.za/wp-content/uploads/2023/06/FEMSSISA-MATHEMATICS-OLYMPIAD-ANSWERS-GR-4-7-2022-Final.pdf,unknown,B,75,https://saolympiads.co.za/past-papers/,SA Olympiads past papers page (bulk expansion),2026-09-05,2026-09-05,verified
2023 SA Primary Mathematics Olympiad Grade 6 + memo,SA Olympiads,competition organisation,CAPS/NCS,South Africa,National,6,Intermediate Phase,Mathematics,Olympiad,English,Olympiad problem,2023,N/A,SA Olympiads annual competition,https://saolympiads.co.za/wp-content/uploads/2023/12/FEMSSISA-Grade-6-Mathematics-Olympiads-2023.pdf,https://saolympiads.co.za/wp-content/uploads/2023/12/MATHEMATICS-OLYMPIAD-ANSWERS-GR-4-7-2023.pdf,unknown,B,75,https://saolympiads.co.za/past-papers/,SA Olympiads past papers page (bulk expansion),2026-09-05,2026-09-05,verified
2024 SA Primary Mathematics Olympiad Grade 6 + memo,SA Olympiads,competition organisation,CAPS/NCS,South Africa,National,6,Intermediate Phase,Mathematics,Olympiad,English,Olympiad problem,2024,N/A,SA Olympiads annual competition,https://saolympiads.co.za/wp-content/uploads/2025/01/FEMSSISA-Grade-6-Mathematics-Olympiads-2024.pdf,https://saolympiads.co.za/wp-content/uploads/2025/01/FEMSSISA-MATHEMATICS-OLYMPIAD-ANSWERS-GR-4-7-2024.pdf,unknown,B,75,https://saolympiads.co.za/past-papers/,SA Olympiads past papers page (bulk expansion),2026-09-05,2026-09-05,verified
2025 SA Primary Mathematics Olympiad Grade 6 + memo,SA Olympiads,competition organisation,CAPS/NCS,South Africa,National,6,Intermediate Phase,Mathematics,Olympiad,English,Olympiad problem,2025,N/A,SA Olympiads annual competition,https://saolympiads.co.za/wp-content/uploads/2025/11/FEMSSISA-Grade-6-Mathematics-Olympiads-2025.pdf,https://saolympiads.co.za/wp-content/uploads/2025/11/FEMSSISA-MATHEMATICS-OLYMPIAD-ANSWERS-GR-4-7-2025.pdf,unknown,B,75,https://saolympiads.co.za/past-papers/,SA Olympiads past papers page (bulk expansion),2026-09-05,2026-09-05,verified
2022 SA Primary Mathematics Olympiad Grade 7 + memo,SA Olympiads,competition organisation,CAPS/NCS,South Africa,National,7,Intermediate Phase,Mathematics,Olympiad,English,Olympiad problem,2022,N/A,SA Olympiads annual competition,https://saolympiads.co.za/wp-content/uploads/2023/06/FEMSSISA-Grade-7-Mathematics-Olympiads-2022-Final.pdf,https://saolympiads.co.za/wp-content/uploads/2023/06/FEMSSISA-MATHEMATICS-OLYMPIAD-ANSWERS-GR-4-7-2022-Final.pdf,unknown,B,75,https://saolympiads.co.za/past-papers/,SA Olympiads past papers page (bulk expansion),2026-09-05,2026-09-05,verified
2023 SA Primary Mathematics Olympiad Grade 7 + memo,SA Olympiads,competition organisation,CAPS/NCS,South Africa,National,7,Intermediate Phase,Mathematics,Olympiad,English,Olympiad problem,2023,N/A,SA Olympiads annual competition,https://saolympiads.co.za/wp-content/uploads/2023/12/FEMSSISA-Grade-7-Mathematics-Olympiads-2023.pdf,https://saolympiads.co.za/wp-content/uploads/2023/12/MATHEMATICS-OLYMPIAD-ANSWERS-GR-4-7-2023.pdf,unknown,B,75,https://saolympiads.co.za/past-papers/,SA Olympiads past papers page (bulk expansion),2026-09-05,2026-09-05,verified
2024 SA Primary Mathematics Olympiad Grade 7 + memo,SA Olympiads,competition organisation,CAPS/NCS,South Africa,National,7,Intermediate Phase,Mathematics,Olympiad,English,Olympiad problem,2024,N/A,SA Olympiads annual competition,https://saolympiads.co.za/wp-content/uploads/2025/01/FEMSSISA-Grade-7-Mathematics-Olympiads-2024.pdf,https://saolympiads.co.za/wp-content/uploads/2025/01/FEMSSISA-MATHEMATICS-OLYMPIAD-ANSWERS-GR-4-7-2024.pdf,unknown,B,75,https://saolympiads.co.za/past-papers/,SA Olympiads past papers page (bulk expansion),2026-09-05,2026-09-05,verified
2025 SA Primary Mathematics Olympiad Grade 7 + memo,SA Olympiads,competition organisation,CAPS/NCS,South Africa,National,7,Intermediate Phase,Mathematics,Olympiad,English,Olympiad problem,2025,N/A,SA Olympiads annual competition,https://saolympiads.co.za/wp-content/uploads/2025/11/FEMSSISA-Grade-7-Mathematics-Olympiads-2025.pdf,https://saolympiads.co.za/wp-content/uploads/2025/11/FEMSSISA-MATHEMATICS-OLYMPIAD-ANSWERS-GR-4-7-2025.pdf,unknown,B,75,https://saolympiads.co.za/past-papers/,SA Olympiads past papers page (bulk expansion),2026-09-05,2026-09-05,verified
2022 SA Junior/Senior Mathematics Olympiad Grade 8 + memo,SA Olympiads,competition organisation,CAPS/NCS,South Africa,National,8,Senior Phase,Mathematics,Olympiad,English,Olympiad problem,2022,N/A,SA Olympiads annual competition,https://saolympiads.co.za/wp-content/uploads/2022/12/FEMSSISA-Grade-8-Mathematics-Olympiads-2022.pdf,https://saolympiads.co.za/wp-content/uploads/2022/12/FEMSSISA-MATHEMATICS-OLYMPIAD-ANSWERS-GR-8-11-2022.pdf,unknown,B,75,https://saolympiads.co.za/past-papers/,SA Olympiads past papers page (bulk expansion),2026-09-05,2026-09-05,verified
2023 SA Junior/Senior Mathematics Olympiad Grade 8 + memo,SA Olympiads,competition organisation,CAPS/NCS,South Africa,National,8,Senior Phase,Mathematics,Olympiad,English,Olympiad problem,2023,N/A,SA Olympiads annual competition,https://saolympiads.co.za/wp-content/uploads/2023/12/FEMSSISA-Grade-8-Mathematics-Olympiads-2023.pdf,https://saolympiads.co.za/wp-content/uploads/2023/12/FEMSSISA-MATHEMATICS-OLYMPIAD-ANSWERS-GR-8-11-2023.pdf,unknown,B,75,https://saolympiads.co.za/past-papers/,SA Olympiads past papers page (bulk expansion),2026-09-05,2026-09-05,verified
2024 SA Junior/Senior Mathematics Olympiad Grade 8 + memo,SA Olympiads,competition organisation,CAPS/NCS,South Africa,National,8,Senior Phase,Mathematics,Olympiad,English,Olympiad problem,2024,N/A,SA Olympiads annual competition,https://saolympiads.co.za/wp-content/uploads/2025/01/FEMSSISA-Grade-8-Mathematics-Olympiads-2024.pdf,https://saolympiads.co.za/wp-content/uploads/2025/01/FEMSSISA-MATHEMATICS-OLYMPIAD-ANSWERS-GR-8-11-2024.pdf,unknown,B,75,https://saolympiads.co.za/past-papers/,SA Olympiads past papers page (bulk expansion),2026-09-05,2026-09-05,verified
2025 SA Junior/Senior Mathematics Olympiad Grade 8 + memo,SA Olympiads,competition organisation,CAPS/NCS,South Africa,National,8,Senior Phase,Mathematics,Olympiad,English,Olympiad problem,2025,N/A,SA Olympiads annual competition,https://saolympiads.co.za/wp-content/uploads/2025/11/FEMSSISA-Grade-8-Mathematics-Olympiads-2025_1.pdf,https://saolympiads.co.za/wp-content/uploads/2025/11/FEMSSISA-MATHEMATICS-OLYMPIAD-ANSWERS-GR-8-11-2025.pdf,unknown,B,75,https://saolympiads.co.za/past-papers/,SA Olympiads past papers page (bulk expansion),2026-09-05,2026-09-05,verified
2022 SA Junior/Senior Mathematics Olympiad Grade 9 + memo,SA Olympiads,competition organisation,CAPS/NCS,South Africa,National,9,Senior Phase,Mathematics,Olympiad,English,Olympiad problem,2022,N/A,SA Olympiads annual competition,https://saolympiads.co.za/wp-content/uploads/2022/12/FEMSSISA-Grade-9-Mathematics-Olympiads-2022.pdf,https://saolympiads.co.za/wp-content/uploads/2022/12/FEMSSISA-MATHEMATICS-OLYMPIAD-ANSWERS-GR-8-11-2022.pdf,unknown,B,75,https://saolympiads.co.za/past-papers/,SA Olympiads past papers page (bulk expansion),2026-09-05,2026-09-05,verified
2023 SA Junior/Senior Mathematics Olympiad Grade 9 + memo,SA Olympiads,competition organisation,CAPS/NCS,South Africa,National,9,Senior Phase,Mathematics,Olympiad,English,Olympiad problem,2023,N/A,SA Olympiads annual competition,https://saolympiads.co.za/wp-content/uploads/2023/12/FEMSSISA-Grade-9-Mathematics-Olympiads-2023.pdf,https://saolympiads.co.za/wp-content/uploads/2023/12/FEMSSISA-MATHEMATICS-OLYMPIAD-ANSWERS-GR-8-11-2023.pdf,unknown,B,75,https://saolympiads.co.za/past-papers/,SA Olympiads past papers page (bulk expansion),2026-09-05,2026-09-05,verified
2024 SA Junior/Senior Mathematics Olympiad Grade 9 + memo,SA Olympiads,competition organisation,CAPS/NCS,South Africa,National,9,Senior Phase,Mathematics,Olympiad,English,Olympiad problem,2024,N/A,SA Olympiads annual competition,https://saolympiads.co.za/wp-content/uploads/2025/01/FEMSSISA-Grade-9-Mathematics-Olympiads-2024.pdf,https://saolympiads.co.za/wp-content/uploads/2025/01/FEMSSISA-MATHEMATICS-OLYMPIAD-ANSWERS-GR-8-11-2024.pdf,unknown,B,75,https://saolympiads.co.za/past-papers/,SA Olympiads past papers page (bulk expansion),2026-09-05,2026-09-05,verified
2025 SA Junior/Senior Mathematics Olympiad Grade 9 + memo,SA Olympiads,competition organisation,CAPS/NCS,South Africa,National,9,Senior Phase,Mathematics,Olympiad,English,Olympiad problem,2025,N/A,SA Olympiads annual competition,https://saolympiads.co.za/wp-content/uploads/2025/11/FEMSSISA-Grade-9-Mathematics-Olympiads-2025_1.pdf,https://saolympiads.co.za/wp-content/uploads/2025/11/FEMSSISA-MATHEMATICS-OLYMPIAD-ANSWERS-GR-8-11-2025.pdf,unknown,B,75,https://saolympiads.co.za/past-papers/,SA Olympiads past papers page (bulk expansion),2026-09-05,2026-09-05,verified
2022 SA Junior/Senior Mathematics Olympiad Grade 10 + memo,SA Olympiads,competition organisation,CAPS/NCS,South Africa,National,10,FET,Mathematics,Olympiad,English,Olympiad problem,2022,N/A,SA Olympiads annual competition,https://saolympiads.co.za/wp-content/uploads/2022/12/FEMSSISA-Grade-10-Mathematics-Olympiads-2022.pdf,https://saolympiads.co.za/wp-content/uploads/2022/12/FEMSSISA-MATHEMATICS-OLYMPIAD-ANSWERS-GR-8-11-2022.pdf,unknown,B,75,https://saolympiads.co.za/past-papers/,SA Olympiads past papers page (bulk expansion),2026-09-05,2026-09-05,verified
2023 SA Junior/Senior Mathematics Olympiad Grade 10 + memo,SA Olympiads,competition organisation,CAPS/NCS,South Africa,National,10,FET,Mathematics,Olympiad,English,Olympiad problem,2023,N/A,SA Olympiads annual competition,https://saolympiads.co.za/wp-content/uploads/2023/12/FEMSSISA-Grade-10-Mathematics-Olympiads-2023.pdf,https://saolympiads.co.za/wp-content/uploads/2023/12/FEMSSISA-MATHEMATICS-OLYMPIAD-ANSWERS-GR-8-11-2023.pdf,unknown,B,75,https://saolympiads.co.za/past-papers/,SA Olympiads past papers page (bulk expansion),2026-09-05,2026-09-05,verified
2024 SA Junior/Senior Mathematics Olympiad Grade 10 + memo,SA Olympiads,competition organisation,CAPS/NCS,South Africa,National,10,FET,Mathematics,Olympiad,English,Olympiad problem,2024,N/A,SA Olympiads annual competition,https://saolympiads.co.za/wp-content/uploads/2025/01/FEMSSISA-Grade-10-Mathematics-Olympiads-2024.pdf,https://saolympiads.co.za/wp-content/uploads/2025/01/FEMSSISA-MATHEMATICS-OLYMPIAD-ANSWERS-GR-8-11-2024.pdf,unknown,B,75,https://saolympiads.co.za/past-papers/,SA Olympiads past papers page (bulk expansion),2026-09-05,2026-09-05,verified
2025 SA Junior/Senior Mathematics Olympiad Grade 10 + memo,SA Olympiads,competition organisation,CAPS/NCS,South Africa,National,10,FET,Mathematics,Olympiad,English,Olympiad problem,2025,N/A,SA Olympiads annual competition,https://saolympiads.co.za/wp-content/uploads/2025/11/FEMSSISA-Grade-10-Mathematics-Olympiads-2025_1.pdf,https://saolympiads.co.za/wp-content/uploads/2025/11/FEMSSISA-MATHEMATICS-OLYMPIAD-ANSWERS-GR-8-11-2025.pdf,unknown,B,75,https://saolympiads.co.za/past-papers/,SA Olympiads past papers page (bulk expansion),2026-09-05,2026-09-05,verified
2022 SA Junior/Senior Mathematics Olympiad Grade 11 + memo,SA Olympiads,competition organisation,CAPS/NCS,South Africa,National,11,FET,Mathematics,Olympiad,English,Olympiad problem,2022,N/A,SA Olympiads annual competition,https://saolympiads.co.za/wp-content/uploads/2022/12/FEMSSISA-Grade-11-Mathematics-Olympiads-2022.pdf,https://saolympiads.co.za/wp-content/uploads/2022/12/FEMSSISA-MATHEMATICS-OLYMPIAD-ANSWERS-GR-8-11-2022.pdf,unknown,B,75,https://saolympiads.co.za/past-papers/,SA Olympiads past papers page (bulk expansion),2026-09-05,2026-09-05,verified
2023 SA Junior/Senior Mathematics Olympiad Grade 11 + memo,SA Olympiads,competition organisation,CAPS/NCS,South Africa,National,11,FET,Mathematics,Olympiad,English,Olympiad problem,2023,N/A,SA Olympiads annual competition,https://saolympiads.co.za/wp-content/uploads/2023/12/FEMSSISA-Grade-11-Mathematics-Olympiads-2023.pdf,https://saolympiads.co.za/wp-content/uploads/2023/12/FEMSSISA-MATHEMATICS-OLYMPIAD-ANSWERS-GR-8-11-2023.pdf,unknown,B,75,https://saolympiads.co.za/past-papers/,SA Olympiads past papers page (bulk expansion),2026-09-05,2026-09-05,verified
2024 SA Junior/Senior Mathematics Olympiad Grade 11 + memo,SA Olympiads,competition organisation,CAPS/NCS,South Africa,National,11,FET,Mathematics,Olympiad,English,Olympiad problem,2024,N/A,SA Olympiads annual competition,https://saolympiads.co.za/wp-content/uploads/2025/01/FEMSSISA-Grade-11-Mathematics-Olympiads-2024.pdf,https://saolympiads.co.za/wp-content/uploads/2025/01/FEMSSISA-MATHEMATICS-OLYMPIAD-ANSWERS-GR-8-11-2024.pdf,unknown,B,75,https://saolympiads.co.za/past-papers/,SA Olympiads past papers page (bulk expansion),2026-09-05,2026-09-05,verified
2025 SA Junior/Senior Mathematics Olympiad Grade 11 + memo,SA Olympiads,competition organisation,CAPS/NCS,South Africa,National,11,FET,Mathematics,Olympiad,English,Olympiad problem,2025,N/A,SA Olympiads annual competition,https://saolympiads.co.za/wp-content/uploads/2025/11/FEMSSISA-Grade-11-Mathematics-Olympiads-2025_1.pdf,https://saolympiads.co.za/wp-content/uploads/2025/11/FEMSSISA-MATHEMATICS-OLYMPIAD-ANSWERS-GR-8-11-2025.pdf,unknown,B,75,https://saolympiads.co.za/past-papers/,SA Olympiads past papers page (bulk expansion),2026-09-05,2026-09-05,verified
2024 SA Junior/Senior Mathematics Olympiad Grade 12 + memo,SA Olympiads,competition organisation,CAPS/NCS,South Africa,National,12,FET,Mathematics,Olympiad,English,Olympiad problem,2024,N/A,SA Olympiads annual competition,https://saolympiads.co.za/wp-content/uploads/2025/01/FEMSSISA-Grade-12-Mathematics-Olympiads-2024.pdf,https://saolympiads.co.za/wp-content/uploads/2025/01/FEMSSISA-MATHEMATICS-OLYMPIAD-GRADES-12-ANSWERS.pdf,unknown,B,75,https://saolympiads.co.za/past-papers/,SA Olympiads past papers page (bulk expansion),2026-09-05,2026-09-05,verified
2023 SA English First Additional Language Olympiad Grade 1 + memo,SA Olympiads,competition organisation,CAPS/NCS,South Africa,National,1,Foundation Phase,Languages,Olympiad,English,Olympiad problem,2023,N/A,SA Olympiads annual competition,https://saolympiads.co.za/wp-content/uploads/2023/12/ENGLISH-FAL-Grade-1-Question-Paper.pdf,https://saolympiads.co.za/wp-content/uploads/2023/12/ENGLISH-FAL-Grade-1-Answer-Sheet.pdf,unknown,B,75,https://saolympiads.co.za/past-papers/,SA Olympiads past papers page (bulk expansion),2026-09-05,2026-09-05,verified
2024 SA English First Additional Language Olympiad Grade 1 + memo,SA Olympiads,competition organisation,CAPS/NCS,South Africa,National,1,Foundation Phase,Languages,Olympiad,English,Olympiad problem,2024,N/A,SA Olympiads annual competition,https://saolympiads.co.za/wp-content/uploads/2025/01/ENGLISH-FAL-GRADE-1-OLYMPIAD-QUESTION-PAPER.pdf,https://saolympiads.co.za/wp-content/uploads/2025/01/ENGLISH-FAL-GRADE-1-OLYMPIAD-MEMO.pdf,unknown,B,75,https://saolympiads.co.za/past-papers/,SA Olympiads past papers page (bulk expansion),2026-09-05,2026-09-05,verified
2025 SA English First Additional Language Olympiad Grade 1 + memo,SA Olympiads,competition organisation,CAPS/NCS,South Africa,National,1,Foundation Phase,Languages,Olympiad,English,Olympiad problem,2025,N/A,SA Olympiads annual competition,https://saolympiads.co.za/wp-content/uploads/2025/11/ENGLISH-FAL-GRADE-1-OLYMPIAD-QUESTION.pdf,https://saolympiads.co.za/wp-content/uploads/2025/11/ENGLISH-FAL-GRADE-1-OLYMPIAD-MEMO.pdf,unknown,B,75,https://saolympiads.co.za/past-papers/,SA Olympiads past papers page (bulk expansion),2026-09-05,2026-09-05,verified
2023 SA English First Additional Language Olympiad Grade 2 + memo,SA Olympiads,competition organisation,CAPS/NCS,South Africa,National,2,Foundation Phase,Languages,Olympiad,English,Olympiad problem,2023,N/A,SA Olympiads annual competition,https://saolympiads.co.za/wp-content/uploads/2023/12/ENGLISH-FAL-Grade-2-Question-Paper.pdf,https://saolympiads.co.za/wp-content/uploads/2023/12/ENGLISH-FAL-Grade-2-Answer-Sheet.pdf,unknown,B,75,https://saolympiads.co.za/past-papers/,SA Olympiads past papers page (bulk expansion),2026-09-05,2026-09-05,verified
2024 SA English First Additional Language Olympiad Grade 2 + memo,SA Olympiads,competition organisation,CAPS/NCS,South Africa,National,2,Foundation Phase,Languages,Olympiad,English,Olympiad problem,2024,N/A,SA Olympiads annual competition,https://saolympiads.co.za/wp-content/uploads/2025/01/ENGLISH-FAL-GRADE-2-OLYMPIAD-QUESTION-PAPER.pdf,https://saolympiads.co.za/wp-content/uploads/2025/01/ENGLISH-FAL-GRADE-2-OLYMPIAD-MEMO.pdf,unknown,B,75,https://saolympiads.co.za/past-papers/,SA Olympiads past papers page (bulk expansion),2026-09-05,2026-09-05,verified
2025 SA English First Additional Language Olympiad Grade 2 + memo,SA Olympiads,competition organisation,CAPS/NCS,South Africa,National,2,Foundation Phase,Languages,Olympiad,English,Olympiad problem,2025,N/A,SA Olympiads annual competition,https://saolympiads.co.za/wp-content/uploads/2025/11/ENGLISH-FAL-GRADE-2-OLYMPIAD-QUESTION-PAPER.pdf,https://saolympiads.co.za/wp-content/uploads/2025/11/ENGLISH-FAL-GRADE-2-OLYMPIAD-MEMO.pdf,unknown,B,75,https://saolympiads.co.za/past-papers/,SA Olympiads past papers page (bulk expansion),2026-09-05,2026-09-05,verified
2023 SA English First Additional Language Olympiad Grade 3 + memo,SA Olympiads,competition organisation,CAPS/NCS,South Africa,National,3,Foundation Phase,Languages,Olympiad,English,Olympiad problem,2023,N/A,SA Olympiads annual competition,https://saolympiads.co.za/wp-content/uploads/2023/12/ENGLISH-FAL-Grade-3-Question-Paper.pdf,https://saolympiads.co.za/wp-content/uploads/2023/12/ENGLISH-FAL-Grade-3-Answer-Sheet.pdf,unknown,B,75,https://saolympiads.co.za/past-papers/,SA Olympiads past papers page (bulk expansion),2026-09-05,2026-09-05,verified
2024 SA English First Additional Language Olympiad Grade 3 + memo,SA Olympiads,competition organisation,CAPS/NCS,South Africa,National,3,Foundation Phase,Languages,Olympiad,English,Olympiad problem,2024,N/A,SA Olympiads annual competition,https://saolympiads.co.za/wp-content/uploads/2025/01/ENGLISH-FAL-GRADE-3-OLYMPIAD-QUESTION-PAPER.pdf,https://saolympiads.co.za/wp-content/uploads/2025/01/ENGLISH-FAL-GRADE-3-OLYMPIAD-MEMO.pdf,unknown,B,75,https://saolympiads.co.za/past-papers/,SA Olympiads past papers page (bulk expansion),2026-09-05,2026-09-05,verified
2025 SA English First Additional Language Olympiad Grade 3 + memo,SA Olympiads,competition organisation,CAPS/NCS,South Africa,National,3,Foundation Phase,Languages,Olympiad,English,Olympiad problem,2025,N/A,SA Olympiads annual competition,https://saolympiads.co.za/wp-content/uploads/2025/11/ENGLISH-FAL-GRADE-3-OLYMPIAD-QUESTION-PAPER.pdf,https://saolympiads.co.za/wp-content/uploads/2025/11/ENGLISH-FAL-GRADE-3-OLYMPIAD-MEMO.pdf,unknown,B,75,https://saolympiads.co.za/past-papers/,SA Olympiads past papers page (bulk expansion),2026-09-05,2026-09-05,verified
2022 SA English First Additional Language Olympiad Grade 4 + memo,SA Olympiads,competition organisation,CAPS/NCS,South Africa,National,4,Intermediate Phase,Languages,Olympiad,English,Olympiad problem,2022,N/A,SA Olympiads annual competition,https://saolympiads.co.za/wp-content/uploads/2022/12/ENGLISH-FAL-OLYMPIAD-2022-GRADE-4-Question-Paper.pdf,https://saolympiads.co.za/wp-content/uploads/2022/12/ENGLISH-FAL-OLYMPIAD-EXAM-Grade-4-Answer-sheet.pdf,unknown,B,75,https://saolympiads.co.za/past-papers/,SA Olympiads past papers page (bulk expansion),2026-09-05,2026-09-05,verified
2023 SA English First Additional Language Olympiad Grade 4 + memo,SA Olympiads,competition organisation,CAPS/NCS,South Africa,National,4,Intermediate Phase,Languages,Olympiad,English,Olympiad problem,2023,N/A,SA Olympiads annual competition,https://saolympiads.co.za/wp-content/uploads/2023/12/ENGLISH-FAL-Grade-4-Question-Paper.pdf,https://saolympiads.co.za/wp-content/uploads/2023/12/ENGLISH-FAL-Grade-4-Answer-Sheet.pdf,unknown,B,75,https://saolympiads.co.za/past-papers/,SA Olympiads past papers page (bulk expansion),2026-09-05,2026-09-05,verified
2024 SA English First Additional Language Olympiad Grade 4 + memo,SA Olympiads,competition organisation,CAPS/NCS,South Africa,National,4,Intermediate Phase,Languages,Olympiad,English,Olympiad problem,2024,N/A,SA Olympiads annual competition,https://saolympiads.co.za/wp-content/uploads/2025/01/ENGLISH-FAL-GRADE-4-OLYMPIAD-QUESTION-PAPER-.pdf,https://saolympiads.co.za/wp-content/uploads/2025/01/ENGLISH-FAL-GRADE-4-OLYMPIAD-MEMO.pdf,unknown,B,75,https://saolympiads.co.za/past-papers/,SA Olympiads past papers page (bulk expansion),2026-09-05,2026-09-05,verified
2025 SA English First Additional Language Olympiad Grade 4 + memo,SA Olympiads,competition organisation,CAPS/NCS,South Africa,National,4,Intermediate Phase,Languages,Olympiad,English,Olympiad problem,2025,N/A,SA Olympiads annual competition,https://saolympiads.co.za/wp-content/uploads/2025/11/ENGLISH-FAL-GRADE-4-OLYMPIAD-QUESTION-PAPER.pdf,https://saolympiads.co.za/wp-content/uploads/2025/11/ENGLISH-FAL-GRADE-4-MEMO.pdf,unknown,B,75,https://saolympiads.co.za/past-papers/,SA Olympiads past papers page (bulk expansion),2026-09-05,2026-09-05,verified
2022 SA English First Additional Language Olympiad Grade 5 + memo,SA Olympiads,competition organisation,CAPS/NCS,South Africa,National,5,Intermediate Phase,Languages,Olympiad,English,Olympiad problem,2022,N/A,SA Olympiads annual competition,https://saolympiads.co.za/wp-content/uploads/2022/12/ENGLISH-FAL-OLYMPIAD-2022-GRADE-5-Question-Paper.pdf,https://saolympiads.co.za/wp-content/uploads/2022/12/ENGLISH-FAL-OLYMPIAD-EXAM-Grade-5-Answer-sheet.pdf,unknown,B,75,https://saolympiads.co.za/past-papers/,SA Olympiads past papers page (bulk expansion),2026-09-05,2026-09-05,verified
2023 SA English First Additional Language Olympiad Grade 5 + memo,SA Olympiads,competition organisation,CAPS/NCS,South Africa,National,5,Intermediate Phase,Languages,Olympiad,English,Olympiad problem,2023,N/A,SA Olympiads annual competition,https://saolympiads.co.za/wp-content/uploads/2023/12/ENGLISH-FAL-Grade-5-Question-Paper.pdf,https://saolympiads.co.za/wp-content/uploads/2023/12/ENGLISH-FAL-Grade-5-Answer-Sheet.pdf,unknown,B,75,https://saolympiads.co.za/past-papers/,SA Olympiads past papers page (bulk expansion),2026-09-05,2026-09-05,verified
2024 SA English First Additional Language Olympiad Grade 5 + memo,SA Olympiads,competition organisation,CAPS/NCS,South Africa,National,5,Intermediate Phase,Languages,Olympiad,English,Olympiad problem,2024,N/A,SA Olympiads annual competition,https://saolympiads.co.za/wp-content/uploads/2025/01/ENGLISH-FAL-GRADE-5-OLYMPIAD-QUESTION-PAPER.pdf,https://saolympiads.co.za/wp-content/uploads/2025/01/ENGLISH-FAL-GRADE-5-OLYMPIAD-MEMO.pdf,unknown,B,75,https://saolympiads.co.za/past-papers/,SA Olympiads past papers page (bulk expansion),2026-09-05,2026-09-05,verified
2025 SA English First Additional Language Olympiad Grade 5 + memo,SA Olympiads,competition organisation,CAPS/NCS,South Africa,National,5,Intermediate Phase,Languages,Olympiad,English,Olympiad problem,2025,N/A,SA Olympiads annual competition,https://saolympiads.co.za/wp-content/uploads/2025/11/ENGLISH-FAL-GRADE-5-OLYMPIAD-QUESTION-PAPER.pdf,https://saolympiads.co.za/wp-content/uploads/2025/11/ENGLISH-FAL-GRADE-5-OLYMPIAD-MEMO.pdf,unknown,B,75,https://saolympiads.co.za/past-papers/,SA Olympiads past papers page (bulk expansion),2026-09-05,2026-09-05,verified
2022 SA English First Additional Language Olympiad Grade 6 + memo,SA Olympiads,competition organisation,CAPS/NCS,South Africa,National,6,Intermediate Phase,Languages,Olympiad,English,Olympiad problem,2022,N/A,SA Olympiads annual competition,https://saolympiads.co.za/wp-content/uploads/2022/12/ENGLISH-FAL-OLYMPIAD-2022-GRADE-6-Question-Paper.pdf,https://saolympiads.co.za/wp-content/uploads/2022/12/ENGLISH-FAL-OLYMPIAD-EXAM-Grade-6-Answer-sheet.pdf,unknown,B,75,https://saolympiads.co.za/past-papers/,SA Olympiads past papers page (bulk expansion),2026-09-05,2026-09-05,verified
2023 SA English First Additional Language Olympiad Grade 6 + memo,SA Olympiads,competition organisation,CAPS/NCS,South Africa,National,6,Intermediate Phase,Languages,Olympiad,English,Olympiad problem,2023,N/A,SA Olympiads annual competition,https://saolympiads.co.za/wp-content/uploads/2023/12/ENGLISH-FAL-Grade-6-Question-Paper.pdf,https://saolympiads.co.za/wp-content/uploads/2023/12/ENGLISH-FAL-Grade-6-Answer-Sheet.pdf,unknown,B,75,https://saolympiads.co.za/past-papers/,SA Olympiads past papers page (bulk expansion),2026-09-05,2026-09-05,verified
2024 SA English First Additional Language Olympiad Grade 6 + memo,SA Olympiads,competition organisation,CAPS/NCS,South Africa,National,6,Intermediate Phase,Languages,Olympiad,English,Olympiad problem,2024,N/A,SA Olympiads annual competition,https://saolympiads.co.za/wp-content/uploads/2025/01/ENGLISH-FAL-GRADE-6-OLYMPIAD-QUESTION-PAPER.pdf,https://saolympiads.co.za/wp-content/uploads/2025/01/ENGLISH-FAL-GRADE-6-OLYMPIAD-MEMO.pdf,unknown,B,75,https://saolympiads.co.za/past-papers/,SA Olympiads past papers page (bulk expansion),2026-09-05,2026-09-05,verified
2025 SA English First Additional Language Olympiad Grade 6 + memo,SA Olympiads,competition organisation,CAPS/NCS,South Africa,National,6,Intermediate Phase,Languages,Olympiad,English,Olympiad problem,2025,N/A,SA Olympiads annual competition,https://saolympiads.co.za/wp-content/uploads/2025/11/ENGLISH-FAL-GRADE-6-OLYMPIAD-QUESTION-PAPER.pdf,https://saolympiads.co.za/wp-content/uploads/2025/11/ENGLISH-FAL-GRADE-6-OLYMPIAD-MEMO.pdf,unknown,B,75,https://saolympiads.co.za/past-papers/,SA Olympiads past papers page (bulk expansion),2026-09-05,2026-09-05,verified
2022 SA English First Additional Language Olympiad Grade 7 + memo,SA Olympiads,competition organisation,CAPS/NCS,South Africa,National,7,Senior Phase,Languages,Olympiad,English,Olympiad problem,2022,N/A,SA Olympiads annual competition,https://saolympiads.co.za/wp-content/uploads/2022/12/ENGLISH-FAL-OLYMPIAD-2022-GRADE-7-Question-Paper.pdf,https://saolympiads.co.za/wp-content/uploads/2022/12/ENGLISH-FAL-OLYMPIAD-EXAM-Grade-7-Answer-sheet-.pdf,unknown,B,75,https://saolympiads.co.za/past-papers/,SA Olympiads past papers page (bulk expansion),2026-09-05,2026-09-05,verified
2023 SA English First Additional Language Olympiad Grade 7 + memo,SA Olympiads,competition organisation,CAPS/NCS,South Africa,National,7,Senior Phase,Languages,Olympiad,English,Olympiad problem,2023,N/A,SA Olympiads annual competition,https://saolympiads.co.za/wp-content/uploads/2023/12/ENGLISH-FAL-Grade-7-Question-Paper.pdf,https://saolympiads.co.za/wp-content/uploads/2023/12/ENGLISH-FAL-Grade-7-Answer-Sheet.pdf,unknown,B,75,https://saolympiads.co.za/past-papers/,SA Olympiads past papers page (bulk expansion),2026-09-05,2026-09-05,verified
2024 SA English First Additional Language Olympiad Grade 7 + memo,SA Olympiads,competition organisation,CAPS/NCS,South Africa,National,7,Senior Phase,Languages,Olympiad,English,Olympiad problem,2024,N/A,SA Olympiads annual competition,https://saolympiads.co.za/wp-content/uploads/2025/01/ENGLISH-FAL-GRADE-7-OLYMPIAD-QUESTION-PAPER.pdf,https://saolympiads.co.za/wp-content/uploads/2025/01/ENGLISH-FAL-GRADE-7-OLYMPIAD-MEMO-Amended.pdf,unknown,B,75,https://saolympiads.co.za/past-papers/,SA Olympiads past papers page (bulk expansion),2026-09-05,2026-09-05,verified
2025 SA English First Additional Language Olympiad Grade 7 + memo,SA Olympiads,competition organisation,CAPS/NCS,South Africa,National,7,Senior Phase,Languages,Olympiad,English,Olympiad problem,2025,N/A,SA Olympiads annual competition,https://saolympiads.co.za/wp-content/uploads/2025/11/ENGLISH-FAL-GRADE-7-OLYMPIAD-QUESTION-PAPER.pdf,https://saolympiads.co.za/wp-content/uploads/2025/11/ENGLISH-FAL-GRADE-7-OLYMPIAD-MEMO.pdf,unknown,B,75,https://saolympiads.co.za/past-papers/,SA Olympiads past papers page (bulk expansion),2026-09-05,2026-09-05,verified
2022 SA English First Additional Language Olympiad Grade 8 + memo,SA Olympiads,competition organisation,CAPS/NCS,South Africa,National,8,Senior Phase,Languages,Olympiad,English,Olympiad problem,2022,N/A,SA Olympiads annual competition,https://saolympiads.co.za/wp-content/uploads/2022/12/ENGLISH-FAL-OLYMPIAD-2022-GRADE-8-Question-Paper.pdf,https://saolympiads.co.za/wp-content/uploads/2022/12/ENGLISH-FAL-OLYMPIAD-EXAM-Grade-8-Answer-sheet.pdf,unknown,B,75,https://saolympiads.co.za/past-papers/,SA Olympiads past papers page (bulk expansion),2026-09-05,2026-09-05,verified
2024 SA English First Additional Language Olympiad Grade 8 + memo,SA Olympiads,competition organisation,CAPS/NCS,South Africa,National,8,Senior Phase,Languages,Olympiad,English,Olympiad problem,2024,N/A,SA Olympiads annual competition,https://saolympiads.co.za/wp-content/uploads/2025/01/ENGLISH-FAL-GRADE-8-OLYMPIAD-QUESTION-PAPER.pdf,https://saolympiads.co.za/wp-content/uploads/2025/01/ENGLISH-FAL-GRADE-8-OLYMPIAD-MEMO.pdf,unknown,B,75,https://saolympiads.co.za/past-papers/,SA Olympiads past papers page (bulk expansion),2026-09-05,2026-09-05,verified
2025 SA English First Additional Language Olympiad Grade 8 + memo,SA Olympiads,competition organisation,CAPS/NCS,South Africa,National,8,Senior Phase,Languages,Olympiad,English,Olympiad problem,2025,N/A,SA Olympiads annual competition,https://saolympiads.co.za/wp-content/uploads/2025/11/ENGLISH-FAL-GRADE-8-OLYMPIAD-QUESTION-PAPER.pdf,https://saolympiads.co.za/wp-content/uploads/2025/11/ENGLISH-FAL-GRADE-8-OLYMPIAD-MEMO.pdf,unknown,B,75,https://saolympiads.co.za/past-papers/,SA Olympiads past papers page (bulk expansion),2026-09-05,2026-09-05,verified
2022 SA English First Additional Language Olympiad Grade 9 + memo,SA Olympiads,competition organisation,CAPS/NCS,South Africa,National,9,Senior Phase,Languages,Olympiad,English,Olympiad problem,2022,N/A,SA Olympiads annual competition,https://saolympiads.co.za/wp-content/uploads/2022/12/ENGLISH-FAL-OLYMPIAD-2022-GRADE-9-Question-Paper.pdf,https://saolympiads.co.za/wp-content/uploads/2022/12/ENGLISH-FAL-OLYMPIAD-EXAM-Grade-9-Answer-sheet.pdf,unknown,B,75,https://saolympiads.co.za/past-papers/,SA Olympiads past papers page (bulk expansion),2026-09-05,2026-09-05,verified
2023 SA English First Additional Language Olympiad Grade 9 + memo,SA Olympiads,competition organisation,CAPS/NCS,South Africa,National,9,Senior Phase,Languages,Olympiad,English,Olympiad problem,2023,N/A,SA Olympiads annual competition,https://saolympiads.co.za/wp-content/uploads/2023/12/ENGLISH-FAL-Grade-9-Question-Paper.pdf,not_found,unknown,B,75,https://saolympiads.co.za/past-papers/,SA Olympiads past papers page (bulk expansion),2026-09-05,2026-09-05,verified
2024 SA English First Additional Language Olympiad Grade 9 + memo,SA Olympiads,competition organisation,CAPS/NCS,South Africa,National,9,Senior Phase,Languages,Olympiad,English,Olympiad problem,2024,N/A,SA Olympiads annual competition,https://saolympiads.co.za/wp-content/uploads/2025/01/ENGLISH-FAL-GRADE-9-OLYMPIAD-QUESTION-PAPER.pdf,https://saolympiads.co.za/wp-content/uploads/2025/01/ENGLISH-FAL-GRADE-9-OLYMPIAD-MEMO-Amended.pdf,unknown,B,75,https://saolympiads.co.za/past-papers/,SA Olympiads past papers page (bulk expansion),2026-09-05,2026-09-05,verified
2025 SA English First Additional Language Olympiad Grade 9 + memo,SA Olympiads,competition organisation,CAPS/NCS,South Africa,National,9,Senior Phase,Languages,Olympiad,English,Olympiad problem,2025,N/A,SA Olympiads annual competition,https://saolympiads.co.za/wp-content/uploads/2025/11/ENGLISH-FAL-GRADE-9-OLYMPIAD-QUESTION-PAPER.pdf,https://saolympiads.co.za/wp-content/uploads/2025/11/ENGLISH-FAL-GRADE-9-OLYMPIAD-MEMO.pdf,unknown,B,75,https://saolympiads.co.za/past-papers/,SA Olympiads past papers page (bulk expansion),2026-09-05,2026-09-05,verified
2023 SA English Home Language Olympiad Grade 1 + memo,SA Olympiads,competition organisation,CAPS/NCS,South Africa,National,1,Foundation Phase,Languages,Olympiad,English,Olympiad problem,2023,N/A,SA Olympiads annual competition,https://saolympiads.co.za/wp-content/uploads/2023/12/ENGLISH-OLYMPIAD-2023-GRADE-1-Question-Paper.pdf,https://saolympiads.co.za/wp-content/uploads/2023/12/ENGLISH-OLYMPIAD-2023-Grade-1-Answer-sheet.pdf,unknown,B,75,https://saolympiads.co.za/past-papers/,SA Olympiads past papers page (bulk expansion),2026-09-05,2026-09-05,verified
2024 SA English Home Language Olympiad Grade 1 + memo,SA Olympiads,competition organisation,CAPS/NCS,South Africa,National,1,Foundation Phase,Languages,Olympiad,English,Olympiad problem,2024,N/A,SA Olympiads annual competition,https://saolympiads.co.za/wp-content/uploads/2025/01/ENGLISH-HL-GRADE-1-OLYMPIAD-QUESTION-PAPER.pdf,https://saolympiads.co.za/wp-content/uploads/2025/01/ENGLISH-HL-GRADE-1-OLYMPIAD-MEMO.pdf,unknown,B,75,https://saolympiads.co.za/past-papers/,SA Olympiads past papers page (bulk expansion),2026-09-05,2026-09-05,verified
2025 SA English Home Language Olympiad Grade 1 + memo,SA Olympiads,competition organisation,CAPS/NCS,South Africa,National,1,Foundation Phase,Languages,Olympiad,English,Olympiad problem,2025,N/A,SA Olympiads annual competition,https://saolympiads.co.za/wp-content/uploads/2025/11/ENGLISH-HL-GRADE-1-OLYMPIAD-QUESTION-PAPER.pdf,https://saolympiads.co.za/wp-content/uploads/2025/11/ENGLISH-HL-GRADE-1-OLYMPIAD-MEMO.pdf,unknown,B,75,https://saolympiads.co.za/past-papers/,SA Olympiads past papers page (bulk expansion),2026-09-05,2026-09-05,verified
2023 SA English Home Language Olympiad Grade 2 + memo,SA Olympiads,competition organisation,CAPS/NCS,South Africa,National,2,Foundation Phase,Languages,Olympiad,English,Olympiad problem,2023,N/A,SA Olympiads annual competition,https://saolympiads.co.za/wp-content/uploads/2023/12/ENGLISH-OLYMPIAD-2023-GRADE-2-Question-Paper.pdf,https://saolympiads.co.za/wp-content/uploads/2023/12/ENGLISH-OLYMPIAD-2023-Grade-2-Answer-sheet.pdf,unknown,B,75,https://saolympiads.co.za/past-papers/,SA Olympiads past papers page (bulk expansion),2026-09-05,2026-09-05,verified
2024 SA English Home Language Olympiad Grade 2 + memo,SA Olympiads,competition organisation,CAPS/NCS,South Africa,National,2,Foundation Phase,Languages,Olympiad,English,Olympiad problem,2024,N/A,SA Olympiads annual competition,https://saolympiads.co.za/wp-content/uploads/2025/01/ENGLISH-HL-GRADE-2-OLYMPIAD-QUESTION-PAPER.pdf,https://saolympiads.co.za/wp-content/uploads/2025/01/ENGLISH-HL-GRADE-2-OLYMPIAD-MEMO.pdf,unknown,B,75,https://saolympiads.co.za/past-papers/,SA Olympiads past papers page (bulk expansion),2026-09-05,2026-09-05,verified
2025 SA English Home Language Olympiad Grade 2 + memo,SA Olympiads,competition organisation,CAPS/NCS,South Africa,National,2,Foundation Phase,Languages,Olympiad,English,Olympiad problem,2025,N/A,SA Olympiads annual competition,https://saolympiads.co.za/wp-content/uploads/2025/11/ENGLISH-HL-GRADE-2-OLYMPIAD-QUESTION-PAPER.pdf,https://saolympiads.co.za/wp-content/uploads/2025/11/ENGLISH-HL-GRADE-2-OLYMPIAD-MEMO.pdf,unknown,B,75,https://saolympiads.co.za/past-papers/,SA Olympiads past papers page (bulk expansion),2026-09-05,2026-09-05,verified
2023 SA English Home Language Olympiad Grade 3 + memo,SA Olympiads,competition organisation,CAPS/NCS,South Africa,National,3,Foundation Phase,Languages,Olympiad,English,Olympiad problem,2023,N/A,SA Olympiads annual competition,https://saolympiads.co.za/wp-content/uploads/2023/12/ENGLISH-OLYMPIAD-2023-GRADE-3-Question-Paper.pdf,https://saolympiads.co.za/wp-content/uploads/2023/12/ENGLISH-OLYMPIAD-2023-Grade-3-Answer-sheet.pdf,unknown,B,75,https://saolympiads.co.za/past-papers/,SA Olympiads past papers page (bulk expansion),2026-09-05,2026-09-05,verified
2024 SA English Home Language Olympiad Grade 3 + memo,SA Olympiads,competition organisation,CAPS/NCS,South Africa,National,3,Foundation Phase,Languages,Olympiad,English,Olympiad problem,2024,N/A,SA Olympiads annual competition,https://saolympiads.co.za/wp-content/uploads/2025/01/ENGLISH-HL-GRADE-3-OLYMPIAD-QUESTION-PAPER.pdf,https://saolympiads.co.za/wp-content/uploads/2025/01/ENGLISH-HL-GRADE-3-OLYMPIAD-MEMO.pdf,unknown,B,75,https://saolympiads.co.za/past-papers/,SA Olympiads past papers page (bulk expansion),2026-09-05,2026-09-05,verified
2025 SA English Home Language Olympiad Grade 3 + memo,SA Olympiads,competition organisation,CAPS/NCS,South Africa,National,3,Foundation Phase,Languages,Olympiad,English,Olympiad problem,2025,N/A,SA Olympiads annual competition,https://saolympiads.co.za/wp-content/uploads/2025/11/ENGLISH-HL-GRADE-3-OLYMPIAD-QUESTION-PAPER.pdf,https://saolympiads.co.za/wp-content/uploads/2025/11/ENGLISH-HL-GRADE-3-OLYMPIAD-MEMO.pdf,unknown,B,75,https://saolympiads.co.za/past-papers/,SA Olympiads past papers page (bulk expansion),2026-09-05,2026-09-05,verified
2022 SA English Home Language Olympiad Grade 4 + memo,SA Olympiads,competition organisation,CAPS/NCS,South Africa,National,4,Intermediate Phase,Languages,Olympiad,English,Olympiad problem,2022,N/A,SA Olympiads annual competition,https://saolympiads.co.za/wp-content/uploads/2022/12/ENGLISH-OLYMPIAD-2022-GRADE-4-Question-Paper.pdf,https://saolympiads.co.za/wp-content/uploads/2022/12/ENGLISH-HL-OLYMPIAD-EXAM-Grade-4-Answer-sheet.pdf,unknown,B,75,https://saolympiads.co.za/past-papers/,SA Olympiads past papers page (bulk expansion),2026-09-05,2026-09-05,verified
2023 SA English Home Language Olympiad Grade 4 + memo,SA Olympiads,competition organisation,CAPS/NCS,South Africa,National,4,Intermediate Phase,Languages,Olympiad,English,Olympiad problem,2023,N/A,SA Olympiads annual competition,https://saolympiads.co.za/wp-content/uploads/2023/12/ENGLISH-OLYMPIAD-2023-GRADE-4-Question-Paper.pdf,https://saolympiads.co.za/wp-content/uploads/2023/12/ENGLISH-OLYMPIAD-2023-Grade-4-Answer-sheet.pdf,unknown,B,75,https://saolympiads.co.za/past-papers/,SA Olympiads past papers page (bulk expansion),2026-09-05,2026-09-05,verified
2024 SA English Home Language Olympiad Grade 4 + memo,SA Olympiads,competition organisation,CAPS/NCS,South Africa,National,4,Intermediate Phase,Languages,Olympiad,English,Olympiad problem,2024,N/A,SA Olympiads annual competition,https://saolympiads.co.za/wp-content/uploads/2025/01/ENGLISH-HL-GRADE-4-OLYMPIAD-QUESTION-PAPER.pdf,https://saolympiads.co.za/wp-content/uploads/2025/01/ENGLISH-HL-GRADE-4-OLYMPIAD-MEMO.pdf,unknown,B,75,https://saolympiads.co.za/past-papers/,SA Olympiads past papers page (bulk expansion),2026-09-05,2026-09-05,verified
2025 SA English Home Language Olympiad Grade 4 + memo,SA Olympiads,competition organisation,CAPS/NCS,South Africa,National,4,Intermediate Phase,Languages,Olympiad,English,Olympiad problem,2025,N/A,SA Olympiads annual competition,https://saolympiads.co.za/wp-content/uploads/2025/11/ENGLISH-HL-GRADE-4-OLYMPIAD-QUESTION-PAPER.pdf,https://saolympiads.co.za/wp-content/uploads/2025/11/ENGLISH-HL-GRADE-4-OLYMPIAD-MEMO.pdf,unknown,B,75,https://saolympiads.co.za/past-papers/,SA Olympiads past papers page (bulk expansion),2026-09-05,2026-09-05,verified
2022 SA English Home Language Olympiad Grade 5 + memo,SA Olympiads,competition organisation,CAPS/NCS,South Africa,National,5,Intermediate Phase,Languages,Olympiad,English,Olympiad problem,2022,N/A,SA Olympiads annual competition,https://saolympiads.co.za/wp-content/uploads/2022/12/ENGLISH-OLYMPIAD-2022-GRADE-5-Question-Paper.pdf,https://saolympiads.co.za/wp-content/uploads/2022/12/ENGLISH-HL-OLYMPIAD-EXAM-Grade-5-Answer-sheet-v1.0.pdf,unknown,B,75,https://saolympiads.co.za/past-papers/,SA Olympiads past papers page (bulk expansion),2026-09-05,2026-09-05,verified
2023 SA English Home Language Olympiad Grade 5 + memo,SA Olympiads,competition organisation,CAPS/NCS,South Africa,National,5,Intermediate Phase,Languages,Olympiad,English,Olympiad problem,2023,N/A,SA Olympiads annual competition,https://saolympiads.co.za/wp-content/uploads/2023/12/ENGLISH-OLYMPIAD-2023-GRADE-5-Question-Paper.pdf,https://saolympiads.co.za/wp-content/uploads/2023/12/ENGLISH-OLYMPIAD-2023-Grade-5-Answer-sheet.pdf,unknown,B,75,https://saolympiads.co.za/past-papers/,SA Olympiads past papers page (bulk expansion),2026-09-05,2026-09-05,verified
2024 SA English Home Language Olympiad Grade 5 + memo,SA Olympiads,competition organisation,CAPS/NCS,South Africa,National,5,Intermediate Phase,Languages,Olympiad,English,Olympiad problem,2024,N/A,SA Olympiads annual competition,https://saolympiads.co.za/wp-content/uploads/2025/01/ENGLISH-HL-GRADE-5-OLYMPIAD-QUESTION-PAPER.pdf,https://saolympiads.co.za/wp-content/uploads/2025/01/ENGLISH-HL-GRADE-5-OLYMPIAD-MEMO.pdf,unknown,B,75,https://saolympiads.co.za/past-papers/,SA Olympiads past papers page (bulk expansion),2026-09-05,2026-09-05,verified
2025 SA English Home Language Olympiad Grade 5 + memo,SA Olympiads,competition organisation,CAPS/NCS,South Africa,National,5,Intermediate Phase,Languages,Olympiad,English,Olympiad problem,2025,N/A,SA Olympiads annual competition,https://saolympiads.co.za/wp-content/uploads/2025/11/ENGLISH-HL-GRADE-5-OLYMPIAD-QUESTION-PAPER.pdf,https://saolympiads.co.za/wp-content/uploads/2025/11/ENGLISH-HL-GRADE-5-OLYMPIAD-MEMO.pdf,unknown,B,75,https://saolympiads.co.za/past-papers/,SA Olympiads past papers page (bulk expansion),2026-09-05,2026-09-05,verified
2022 SA English Home Language Olympiad Grade 6 + memo,SA Olympiads,competition organisation,CAPS/NCS,South Africa,National,6,Intermediate Phase,Languages,Olympiad,English,Olympiad problem,2022,N/A,SA Olympiads annual competition,https://saolympiads.co.za/wp-content/uploads/2022/12/ENGLISH-OLYMPIAD-2022-GRADE-6-Question-Paper.pdf,https://saolympiads.co.za/wp-content/uploads/2022/12/ENGLISH-HL-OLYMPIAD-EXAM-Grade-6-Answer-sheet.pdf,unknown,B,75,https://saolympiads.co.za/past-papers/,SA Olympiads past papers page (bulk expansion),2026-09-05,2026-09-05,verified
2023 SA English Home Language Olympiad Grade 6 + memo,SA Olympiads,competition organisation,CAPS/NCS,South Africa,National,6,Intermediate Phase,Languages,Olympiad,English,Olympiad problem,2023,N/A,SA Olympiads annual competition,https://saolympiads.co.za/wp-content/uploads/2023/12/ENGLISH-OLYMPIAD-2023-GRADE-6-Question-Paper.pdf,https://saolympiads.co.za/wp-content/uploads/2023/12/ENGLISH-OLYMPIAD-2023-Grade-6-Answer-sheet.pdf,unknown,B,75,https://saolympiads.co.za/past-papers/,SA Olympiads past papers page (bulk expansion),2026-09-05,2026-09-05,verified
2025 SA English Home Language Olympiad Grade 6 + memo,SA Olympiads,competition organisation,CAPS/NCS,South Africa,National,6,Intermediate Phase,Languages,Olympiad,English,Olympiad problem,2025,N/A,SA Olympiads annual competition,https://saolympiads.co.za/wp-content/uploads/2025/11/ENGLISH-HL-GRADE-6-OLYMPIAD-QUESTION-PAPER.pdf,https://saolympiads.co.za/wp-content/uploads/2025/11/ENGLISH-HL-GRADE-6-MEMO.pdf,unknown,B,75,https://saolympiads.co.za/past-papers/,SA Olympiads past papers page (bulk expansion),2026-09-05,2026-09-05,verified
2022 SA English Home Language Olympiad Grade 7 + memo,SA Olympiads,competition organisation,CAPS/NCS,South Africa,National,7,Senior Phase,Languages,Olympiad,English,Olympiad problem,2022,N/A,SA Olympiads annual competition,https://saolympiads.co.za/wp-content/uploads/2022/12/ENGLISH-OLYMPIAD-2022-GRADE-7-Question-Paper.pdf,https://saolympiads.co.za/wp-content/uploads/2022/12/ENGLISH-HL-OLYMPIAD-EXAM-Grade-7-Answer-sheet.pdf,unknown,B,75,https://saolympiads.co.za/past-papers/,SA Olympiads past papers page (bulk expansion),2026-09-05,2026-09-05,verified
2023 SA English Home Language Olympiad Grade 7 + memo,SA Olympiads,competition organisation,CAPS/NCS,South Africa,National,7,Senior Phase,Languages,Olympiad,English,Olympiad problem,2023,N/A,SA Olympiads annual competition,https://saolympiads.co.za/wp-content/uploads/2023/12/ENGLISH-OLYMPIAD-2023-GRADE-7-Question-Paper.pdf,https://saolympiads.co.za/wp-content/uploads/2023/12/ENGLISH-OLYMPIAD-2023-Grade-7-Answer-sheet.pdf,unknown,B,75,https://saolympiads.co.za/past-papers/,SA Olympiads past papers page (bulk expansion),2026-09-05,2026-09-05,verified
2024 SA English Home Language Olympiad Grade 7 + memo,SA Olympiads,competition organisation,CAPS/NCS,South Africa,National,7,Senior Phase,Languages,Olympiad,English,Olympiad problem,2024,N/A,SA Olympiads annual competition,https://saolympiads.co.za/wp-content/uploads/2025/01/ENGLISH-HL-GRADE-7-OLYMPIAD-QUESTION-PAPER.pdf,https://saolympiads.co.za/wp-content/uploads/2025/01/ENGLISH-HL-GRADE-7-OLYMPIAD-MEMO.pdf,unknown,B,75,https://saolympiads.co.za/past-papers/,SA Olympiads past papers page (bulk expansion),2026-09-05,2026-09-05,verified
2025 SA English Home Language Olympiad Grade 7 + memo,SA Olympiads,competition organisation,CAPS/NCS,South Africa,National,7,Senior Phase,Languages,Olympiad,English,Olympiad problem,2025,N/A,SA Olympiads annual competition,https://saolympiads.co.za/wp-content/uploads/2025/11/ENGLISH-HL-GRADE-7-OLYMPIAD-QUESTION-PAPER.pdf,https://saolympiads.co.za/wp-content/uploads/2025/11/ENGLISH-HL-GRADE-7-MEMO-Updated.pdf,unknown,B,75,https://saolympiads.co.za/past-papers/,SA Olympiads past papers page (bulk expansion),2026-09-05,2026-09-05,verified
2022 SA English Home Language Olympiad Grade 8 + memo,SA Olympiads,competition organisation,CAPS/NCS,South Africa,National,8,Senior Phase,Languages,Olympiad,English,Olympiad problem,2022,N/A,SA Olympiads annual competition,https://saolympiads.co.za/wp-content/uploads/2022/12/ENGLISH-OLYMPIAD-2022-GRADE-8-Question-Paper.pdf,https://saolympiads.co.za/wp-content/uploads/2022/12/ENGLISH-HL-OLYMPIAD-EXAM-Grade-8-Answer-sheet.pdf,unknown,B,75,https://saolympiads.co.za/past-papers/,SA Olympiads past papers page (bulk expansion),2026-09-05,2026-09-05,verified
2023 SA English Home Language Olympiad Grade 8 + memo,SA Olympiads,competition organisation,CAPS/NCS,South Africa,National,8,Senior Phase,Languages,Olympiad,English,Olympiad problem,2023,N/A,SA Olympiads annual competition,https://saolympiads.co.za/wp-content/uploads/2023/12/ENGLISH-OLYMPIAD-2023-GRADE-8-Question-Paper.pdf,https://saolympiads.co.za/wp-content/uploads/2023/12/ENGLISH-OLYMPIAD-2023-Grade-8-Answer-sheet.pdf,unknown,B,75,https://saolympiads.co.za/past-papers/,SA Olympiads past papers page (bulk expansion),2026-09-05,2026-09-05,verified
2024 SA English Home Language Olympiad Grade 8 + memo,SA Olympiads,competition organisation,CAPS/NCS,South Africa,National,8,Senior Phase,Languages,Olympiad,English,Olympiad problem,2024,N/A,SA Olympiads annual competition,https://saolympiads.co.za/wp-content/uploads/2025/01/ENGLISH-HL-GRADE-8-OLYMPIAD-QUESTION-PAPER.pdf,https://saolympiads.co.za/wp-content/uploads/2025/01/ENGLISH-HL-GRADE-8-OLYMPIAD-MEMO.pdf,unknown,B,75,https://saolympiads.co.za/past-papers/,SA Olympiads past papers page (bulk expansion),2026-09-05,2026-09-05,verified
2025 SA English Home Language Olympiad Grade 8 + memo,SA Olympiads,competition organisation,CAPS/NCS,South Africa,National,8,Senior Phase,Languages,Olympiad,English,Olympiad problem,2025,N/A,SA Olympiads annual competition,https://saolympiads.co.za/wp-content/uploads/2025/11/ENGLISH-HL-GRADE-8-OLYMPIAD-QUESTION-PAPER.pdf,https://saolympiads.co.za/wp-content/uploads/2025/11/ENGLISH-HL-GRADE-8-OLYMPIAD-MEMO.pdf,unknown,B,75,https://saolympiads.co.za/past-papers/,SA Olympiads past papers page (bulk expansion),2026-09-05,2026-09-05,verified
2022 SA English Home Language Olympiad Grade 9 + memo,SA Olympiads,competition organisation,CAPS/NCS,South Africa,National,9,Senior Phase,Languages,Olympiad,English,Olympiad problem,2022,N/A,SA Olympiads annual competition,https://saolympiads.co.za/wp-content/uploads/2022/12/ENGLISH-OLYMPIAD-2022-GRADE-9-Question-Paper.pdf,https://saolympiads.co.za/wp-content/uploads/2022/12/ENGLISH-HL-OLYMPIAD-EXAM-Grade-9-Answer-sheet.pdf,unknown,B,75,https://saolympiads.co.za/past-papers/,SA Olympiads past papers page (bulk expansion),2026-09-05,2026-09-05,verified
2023 SA English Home Language Olympiad Grade 9 + memo,SA Olympiads,competition organisation,CAPS/NCS,South Africa,National,9,Senior Phase,Languages,Olympiad,English,Olympiad problem,2023,N/A,SA Olympiads annual competition,https://saolympiads.co.za/wp-content/uploads/2023/12/ENGLISH-OLYMPIAD-2023-GRADE-9-Question-Paper.pdf,https://saolympiads.co.za/wp-content/uploads/2023/12/ENGLISH-OLYMPIAD-2023-Grade-9-Answer-sheet.pdf,unknown,B,75,https://saolympiads.co.za/past-papers/,SA Olympiads past papers page (bulk expansion),2026-09-05,2026-09-05,verified
2024 SA English Home Language Olympiad Grade 9 + memo,SA Olympiads,competition organisation,CAPS/NCS,South Africa,National,9,Senior Phase,Languages,Olympiad,English,Olympiad problem,2024,N/A,SA Olympiads annual competition,https://saolympiads.co.za/wp-content/uploads/2025/01/ENGLISH-HL-GRADE-9-OLYMPIAD-QUESTION-PAPER.pdf,https://saolympiads.co.za/wp-content/uploads/2025/01/ENGLISH-HL-GRADE-9-OLYMPIAD-MEMO.pdf,unknown,B,75,https://saolympiads.co.za/past-papers/,SA Olympiads past papers page (bulk expansion),2026-09-05,2026-09-05,verified
2025 NSC Mathematics Paper 1 (SACAI) + marking guideline,SACAI,assessment body,CAPS/NCS,South Africa,National,12,FET,Mathematics,Paper 1,English,past paper,2025,November,NSC November final exam,https://www.sacai.org.za/math-p1-nov-2025-qp/,https://www.sacai.org.za/math-p1-nov-2025-mg/,unknown,A,88,https://www.sacai.org.za/examinations/,SACAI examinations index,2026-09-05,2026-09-05,verified
2025 NSC Mathematics Paper 2 (SACAI) + marking guideline,SACAI,assessment body,CAPS/NCS,South Africa,National,12,FET,Mathematics,Paper 2,English,past paper,2025,November,NSC November final exam,https://www.sacai.org.za/math-p2-nov-2025-qp/,https://www.sacai.org.za/math-p2-nov-2025-mg/,unknown,A,88,https://www.sacai.org.za/examinations/,SACAI examinations index,2026-09-05,2026-09-05,verified
2025 NSC Mathematical Literacy Paper 1 (SACAI) + marking guideline,SACAI,assessment body,CAPS/NCS,South Africa,National,12,FET,Mathematical Literacy,Paper 1,English,past paper,2025,November,NSC November final exam,https://www.sacai.org.za/mlit-p1-nov-2025-qp/,https://www.sacai.org.za/mlit-p1_v1_-nov-2025-mg_nr/,unknown,A,86,https://www.sacai.org.za/examinations/,SACAI examinations index,2026-09-05,2026-09-05,verified
2025 NSC Mathematical Literacy Paper 2 (SACAI) + marking guideline,SACAI,assessment body,CAPS/NCS,South Africa,National,12,FET,Mathematical Literacy,Paper 2,English,past paper,2025,November,NSC November final exam,https://www.sacai.org.za/mlit-p2-nov-2025-qp/,https://www.sacai.org.za/mlit-p2-nov-2025-mg_nr/,unknown,A,86,https://www.sacai.org.za/examinations/,SACAI examinations index,2026-09-05,2026-09-05,verified
2025 NSC Physical Sciences Paper 1 (SACAI) + marking guideline,SACAI,assessment body,CAPS/NCS,South Africa,National,12,FET,Physical Sciences,Paper 1,English,past paper,2025,November,NSC November final exam,https://www.sacai.org.za/phsc-p1-nov-2025-qp/,https://www.sacai.org.za/phsc-p1_v2-nov-2025-mg_nr/,unknown,A,89,https://www.sacai.org.za/examinations/,SACAI examinations index,2026-09-05,2026-09-05,verified
2025 NSC Physical Sciences Paper 2 (SACAI) + marking guideline,SACAI,assessment body,CAPS/NCS,South Africa,National,12,FET,Physical Sciences,Paper 2,English,past paper,2025,November,NSC November final exam,https://www.sacai.org.za/phsc-p2-nov-2025-qp/,https://www.sacai.org.za/phsc-p2_v2-nov-2025-mg_nr/,unknown,A,89,https://www.sacai.org.za/examinations/,SACAI examinations index,2026-09-05,2026-09-05,verified
2025 NSC Life Sciences Paper 2 (SACAI) + marking guideline,SACAI,assessment body,CAPS/NCS,South Africa,National,12,FET,Life Sciences,Paper 2,English,past paper,2025,November,NSC November final exam,https://www.sacai.org.za/lfsc-p2-nov-2025-qp/,https://www.sacai.org.za/lfsc-p2-nov-2025-mg/,unknown,A,87,https://www.sacai.org.za/examinations/,SACAI examinations index,2026-09-05,2026-09-05,verified
2025 NSC Accounting Paper 1 (SACAI) + marking guideline,SACAI,assessment body,CAPS/NCS,South Africa,National,12,FET,Accounting,Paper 1,English,past paper,2025,November,NSC November final exam,https://www.sacai.org.za/accn-p1-nov-2025-qp/,https://www.sacai.org.za/accn-p1-nov-2025-mg/,unknown,A,87,https://www.sacai.org.za/examinations/,SACAI examinations index,2026-09-05,2026-09-05,verified
2025 NSC Business Studies Paper 1 (SACAI) + marking guideline,SACAI,assessment body,CAPS/NCS,South Africa,National,12,FET,Business Studies,Paper 1,English,past paper,2025,November,NSC November final exam,https://www.sacai.org.za/bstd-p1-nov-2025-qp/,https://www.sacai.org.za/bstd-p1-nov-2025-mg/,unknown,A,86,https://www.sacai.org.za/examinations/,SACAI examinations index,2026-09-05,2026-09-05,verified
2025 NSC Economics Paper 1 (SACAI) + marking guideline,SACAI,assessment body,CAPS/NCS,South Africa,National,12,FET,Economics,Paper 1,English,past paper,2025,November,NSC November final exam,https://www.sacai.org.za/econ-p1-nov-2025-qp/,https://www.sacai.org.za/econ-p1-nov-2025-mg/,unknown,A,86,https://www.sacai.org.za/examinations/,SACAI examinations index,2026-09-05,2026-09-05,verified
2025 NSC Geography Paper 1 (SACAI) + marking guideline,SACAI,assessment body,CAPS/NCS,South Africa,National,12,FET,Geography,Paper 1,English,past paper,2025,November,NSC November final exam,https://www.sacai.org.za/geog-p1-nov-2025-qp/,https://www.sacai.org.za/geog-p1-nov-2025-mg/,unknown,A,86,https://www.sacai.org.za/examinations/,SACAI examinations index,2026-09-05,2026-09-05,verified
2025 NSC History Paper 1 (SACAI) + marking guideline,SACAI,assessment body,CAPS/NCS,South Africa,National,12,FET,History,Paper 1,English,past paper,2025,November,NSC November final exam,https://www.sacai.org.za/hist-p1-nov-2025-qp/,https://www.sacai.org.za/hist-p1-nov-2025-mg/,unknown,A,86,https://www.sacai.org.za/examinations/,SACAI examinations index,2026-09-05,2026-09-05,verified
2025 NSC English Home Language Paper 1 (SACAI) + marking guideline,SACAI,assessment body,CAPS/NCS,South Africa,National,12,FET,Languages,English Home Language — Paper 1,English,past paper,2025,November,NSC November final exam,https://www.sacai.org.za/enghl-p1-nov-2025-qp/,https://www.sacai.org.za/enghl-p1-nov-2025-mg/,unknown,A,86,https://www.sacai.org.za/examinations/,SACAI examinations index,2026-09-05,2026-09-05,verified
2025 NSC English First Additional Language Paper 1 (SACAI) + marking guideline,SACAI,assessment body,CAPS/NCS,South Africa,National,12,FET,Languages,English First Additional Language — Paper 1,English,past paper,2025,November,NSC November final exam,https://www.sacai.org.za/engfal-p1-nov-2025-qp/,https://www.sacai.org.za/engfal-p1-nov-2025-mg/,unknown,A,85,https://www.sacai.org.za/examinations/,SACAI examinations index,2026-09-05,2026-09-05,verified
2025 NSS Afrikaans Huistaal Vraestel 1 (SACAI) + nasienriglyne,SACAI,assessment body,CAPS/NCS,South Africa,National,12,FET,Languages,Afrikaans Home Language — Paper 1,Afrikaans,past paper,2025,November,NSC November final exam,https://www.sacai.org.za/afr-ht-v1-nov-2025-vr/,https://www.sacai.org.za/afrht-v1-nov-2025-nr/,unknown,A,85,https://www.sacai.org.za/examinations/,SACAI examinations index,2026-09-05,2026-09-05,verified
2025 NSC Information Technology Paper 1 (SACAI) + marking guideline,SACAI,assessment body,CAPS/NCS,South Africa,National,12,FET,Information Technology,Paper 1,English,past paper,2025,November,NSC November final exam,https://www.sacai.org.za/inft-p1-nov-2025-qp/,https://www.sacai.org.za/inft-p1-nov-2025-mg/,unknown,A,85,https://www.sacai.org.za/examinations/,SACAI examinations index,2026-09-05,2026-09-05,verified
2025 NSC Computer Applications Technology Paper 1 (SACAI) + marking guideline,SACAI,assessment body,CAPS/NCS,South Africa,National,12,FET,Computer Applications Technology,Paper 1,English,past paper,2025,November,NSC November final exam,https://www.sacai.org.za/cat-p1-nov-2025-qp/,https://www.sacai.org.za/cat-p1-nov-2025-mg/,unknown,A,85,https://www.sacai.org.za/examinations/,SACAI examinations index,2026-09-05,2026-09-05,verified
2025 IEB Mathematics Final Exam (Grade 12),"SA Papers (unofficial rehost, not IEB)",commercial aggregator,IEB,South Africa,National,12,FET,Mathematics,,English,past paper,2025,Final exam,IEB NSC final exam (rehosted folder),https://drive.google.com/embeddedfolderview?id=15KJy4O4J_2CBwuzKhHEVXy-eO6Lz1Uyx#list,not_found,unknown,C,55,https://www.sapapers.co.za/ieb,SA Papers IEB subject index,2026-09-05,2026-09-05,verified
2024 IEB English Home Language Final Exam (Grade 12),"SA Papers (unofficial rehost, not IEB)",commercial aggregator,IEB,South Africa,National,12,FET,Languages,English Home Language,English,past paper,2024,Final exam,IEB NSC final exam (rehosted folder),https://drive.google.com/embeddedfolderview?id=1SRQVkdrCIPIEty4TSSpqhrpkfIdWhEzl#list,not_found,unknown,C,55,https://www.sapapers.co.za/ieb,SA Papers IEB subject index,2026-09-05,2026-09-05,verified
2024 IEB Physical Sciences Final Exam (Grade 12),"SA Papers (unofficial rehost, not IEB)",commercial aggregator,IEB,South Africa,National,12,FET,Physical Sciences,,English,past paper,2024,Final exam,IEB NSC final exam (rehosted folder),https://drive.google.com/embeddedfolderview?id=1DvJWc_FRgTJMb4yccC-deJFtwpV0TiuN#list,not_found,unknown,C,55,https://www.sapapers.co.za/ieb,SA Papers IEB subject index,2026-09-05,2026-09-05,verified
2025 IEB Life Sciences Final Exam (Grade 12),"SA Papers (unofficial rehost, not IEB)",commercial aggregator,IEB,South Africa,National,12,FET,Life Sciences,,English,past paper,2025,Final exam,IEB NSC final exam (rehosted folder),https://drive.google.com/embeddedfolderview?id=1V3mnaYHF3Mi2h6U6X2s6v2OyubLjMnm0#list,not_found,unknown,C,55,https://www.sapapers.co.za/ieb,SA Papers IEB subject index,2026-09-05,2026-09-05,verified
2025 IEB Accounting Final Exam (Grade 12),"SA Papers (unofficial rehost, not IEB)",commercial aggregator,IEB,South Africa,National,12,FET,Accounting,,English,past paper,2025,Final exam,IEB NSC final exam (rehosted folder),https://drive.google.com/embeddedfolderview?id=1oy6fNDlGPI3PGBhsMtt7ZGh8wdsMKiuO#list,not_found,unknown,C,55,https://www.sapapers.co.za/ieb,SA Papers IEB subject index,2026-09-05,2026-09-05,verified
"DBE Big Book -- English, Book 1",Department of Basic Education,government,CAPS/NCS,South Africa,National,R,Grade R,Literacy,,English,big book,2026,N/A,N/A,https://www.education.gov.za/LinkClick.aspx?fileticket=M3cuHR1-NUc%3d&tabid=1960&portalid=0&mid=7678,not_found,unknown,A,79,https://www.education.gov.za/Curriculum/LearningandTeachingSupportMaterials(LTSM)/GradedReadersandBigBookHL.aspx,DBE Graded Readers and Big Book HL index,2026-09-05,2026-09-12,verified
"DBE Big Book -- Afrikaans, Book 1",Department of Basic Education,government,CAPS/NCS,South Africa,National,R,Grade R,Literacy,,Afrikaans,big book,2026,N/A,N/A,https://www.education.gov.za/LinkClick.aspx?fileticket=zELQptaJ3gk%3d&tabid=1960&portalid=0&mid=7770,not_found,unknown,A,79,https://www.education.gov.za/Curriculum/LearningandTeachingSupportMaterials(LTSM)/GradedReadersandBigBookHL.aspx,DBE Graded Readers and Big Book HL index,2026-09-05,2026-09-12,verified
"DBE Graded Reader -- Grade 1, Animal Sports Day (Level 1, English)",Department of Basic Education,government,CAPS/NCS,South Africa,National,1,Foundation Phase,Literacy,,English,graded reader,2026,N/A,N/A,https://www.education.gov.za/LinkClick.aspx?fileticket=kTfpyLI68Pc%3d&tabid=1960&portalid=0&mid=7919,not_found,unknown,A,80,https://www.education.gov.za/Curriculum/LearningandTeachingSupportMaterials(LTSM)/GradedReadersandBigBookHL.aspx,DBE Graded Readers and Big Book HL index,2026-09-05,2026-09-05,verified
"DBE Graded Reader -- Grade 1, Animal Sports Day (Level 1, Afrikaans)",Department of Basic Education,government,CAPS/NCS,South Africa,National,1,Foundation Phase,Literacy,,Afrikaans,graded reader,2026,N/A,N/A,https://www.education.gov.za/LinkClick.aspx?fileticket=VTdTtuwiNbY%3d&tabid=1960&portalid=0&mid=7918,not_found,unknown,A,80,https://www.education.gov.za/Curriculum/LearningandTeachingSupportMaterials(LTSM)/GradedReadersandBigBookHL.aspx,DBE Graded Readers and Big Book HL index,2026-09-05,2026-09-05,verified
"DBE Graded Reader -- Grade 1, Animal Sports Day (Level 1, isiZulu)",Department of Basic Education,government,CAPS/NCS,South Africa,National,1,Foundation Phase,Literacy,,isiZulu,graded reader,2026,N/A,N/A,https://www.education.gov.za/LinkClick.aspx?fileticket=cqHQIVZ1_jA%3d&tabid=1960&portalid=0&mid=7922,not_found,unknown,A,80,https://www.education.gov.za/Curriculum/LearningandTeachingSupportMaterials(LTSM)/GradedReadersandBigBookHL.aspx,DBE Graded Readers and Big Book HL index,2026-09-05,2026-09-05,verified
"DBE Graded Reader -- Grade 1, Animal Sports Day (Level 1, isiXhosa)",Department of Basic Education,government,CAPS/NCS,South Africa,National,1,Foundation Phase,Literacy,,isiXhosa,graded reader,2026,N/A,N/A,https://www.education.gov.za/LinkClick.aspx?fileticket=aPxAuBrpCnk%3d&tabid=1960&portalid=0&mid=7921,not_found,unknown,A,80,https://www.education.gov.za/Curriculum/LearningandTeachingSupportMaterials(LTSM)/GradedReadersandBigBookHL.aspx,DBE Graded Readers and Big Book HL index,2026-09-05,2026-09-05,verified
"DBE Graded Reader -- Grade 2, A Dog's Life (Level 1, English)",Department of Basic Education,government,CAPS/NCS,South Africa,National,2,Foundation Phase,Literacy,,English,graded reader,2026,N/A,N/A,https://www.education.gov.za/LinkClick.aspx?fileticket=VAz3EKq6RgE%3d&tabid=1960&portalid=0&mid=7929,not_found,unknown,A,80,https://www.education.gov.za/Curriculum/LearningandTeachingSupportMaterials(LTSM)/GradedReadersandBigBookHL.aspx,DBE Graded Readers and Big Book HL index,2026-09-05,2026-09-05,verified
"DBE Graded Reader -- Grade 2, A Dog's Life (Level 1, Afrikaans)",Department of Basic Education,government,CAPS/NCS,South Africa,National,2,Foundation Phase,Literacy,,Afrikaans,graded reader,2026,N/A,N/A,https://www.education.gov.za/LinkClick.aspx?fileticket=f3S9HtcpJxQ%3d&tabid=1960&portalid=0&mid=7928,not_found,unknown,A,80,https://www.education.gov.za/Curriculum/LearningandTeachingSupportMaterials(LTSM)/GradedReadersandBigBookHL.aspx,DBE Graded Readers and Big Book HL index,2026-09-05,2026-09-05,verified
"DBE Graded Reader -- Grade 2, A Dog's Life (Level 1, isiZulu)",Department of Basic Education,government,CAPS/NCS,South Africa,National,2,Foundation Phase,Literacy,,isiZulu,graded reader,2026,N/A,N/A,https://www.education.gov.za/LinkClick.aspx?fileticket=1EpC2LKYJQ8%3d&tabid=1960&portalid=0&mid=7932,not_found,unknown,A,80,https://www.education.gov.za/Curriculum/LearningandTeachingSupportMaterials(LTSM)/GradedReadersandBigBookHL.aspx,DBE Graded Readers and Big Book HL index,2026-09-05,2026-09-05,verified
"DBE Graded Reader -- Grade 2, A Dog's Life (Level 1, isiXhosa)",Department of Basic Education,government,CAPS/NCS,South Africa,National,2,Foundation Phase,Literacy,,isiXhosa,graded reader,2026,N/A,N/A,https://www.education.gov.za/LinkClick.aspx?fileticket=aA9S_N7fy4I%3d&tabid=1960&portalid=0&mid=7931,not_found,unknown,A,80,https://www.education.gov.za/Curriculum/LearningandTeachingSupportMaterials(LTSM)/GradedReadersandBigBookHL.aspx,DBE Graded Readers and Big Book HL index,2026-09-05,2026-09-05,verified
Cambridge IGCSE Mathematics (0580) — past papers archive,"PapaCambridge (unofficial rehost, not Cambridge Assessment International Education)",commercial aggregator,Cambridge IGCSE,International,National,10,FET,Mathematics,0580,English,past paper,2026,Multiple sessions (2002-2026 archive),IGCSE past paper archive (all sessions),https://pastpapers.papacambridge.com/papers/caie/igcse-mathematics-0580,not_found,unknown,C,45,https://pastpapers.papacambridge.com/papers/caie/igcse,PapaCambridge IGCSE subject index,2026-09-05,2026-09-05,verified
Cambridge IGCSE English First Language (0500) — past papers archive,"PapaCambridge (unofficial rehost, not Cambridge Assessment International Education)",commercial aggregator,Cambridge IGCSE,International,National,10,FET,Languages,0500,English,past paper,2026,Multiple sessions (2002-2026 archive),IGCSE past paper archive (all sessions),https://pastpapers.papacambridge.com/papers/caie/igcse-english-0500,not_found,unknown,C,45,https://pastpapers.papacambridge.com/papers/caie/igcse,PapaCambridge IGCSE subject index,2026-09-05,2026-09-05,verified
Cambridge IGCSE Afrikaans First Language (0512) — past papers archive,"PapaCambridge (unofficial rehost, not Cambridge Assessment International Education)",commercial aggregator,Cambridge IGCSE,International,National,10,FET,Languages,0512,Afrikaans,past paper,2026,Multiple sessions (2002-2026 archive),IGCSE past paper archive (all sessions),https://pastpapers.papacambridge.com/papers/caie/igcse-afrikaans0512,not_found,unknown,C,45,https://pastpapers.papacambridge.com/papers/caie/igcse,PapaCambridge IGCSE subject index,2026-09-05,2026-09-05,verified
Cambridge IGCSE isiZulu First Language (0531) — past papers archive,"PapaCambridge (unofficial rehost, not Cambridge Assessment International Education)",commercial aggregator,Cambridge IGCSE,International,National,10,FET,Languages,0531,isiZulu,past paper,2026,Multiple sessions (2002-2026 archive),IGCSE past paper archive (all sessions),https://pastpapers.papacambridge.com/papers/caie/igcse-isizulu-0531,not_found,unknown,C,45,https://pastpapers.papacambridge.com/papers/caie/igcse,PapaCambridge IGCSE subject index,2026-09-05,2026-09-05,verified
Cambridge IGCSE Setswana First Language (0698) — past papers archive,"PapaCambridge (unofficial rehost, not Cambridge Assessment International Education)",commercial aggregator,Cambridge IGCSE,International,National,10,FET,Languages,0698,Setswana,past paper,2026,Multiple sessions (2002-2026 archive),IGCSE past paper archive (all sessions),https://pastpapers.papacambridge.com/papers/caie/igcse-setswana-first-language-0698,not_found,unknown,C,45,https://pastpapers.papacambridge.com/papers/caie/igcse,PapaCambridge IGCSE subject index,2026-09-05,2026-09-05,verified
Cambridge IGCSE Biology (0610) — past papers archive,"PapaCambridge (unofficial rehost, not Cambridge Assessment International Education)",commercial aggregator,Cambridge IGCSE,International,National,10,FET,Life Sciences,0610,English,past paper,2026,Multiple sessions (2002-2026 archive),IGCSE past paper archive (all sessions),https://pastpapers.papacambridge.com/papers/caie/igcse-biology-0610,not_found,unknown,C,45,https://pastpapers.papacambridge.com/papers/caie/igcse,PapaCambridge IGCSE subject index,2026-09-05,2026-09-05,verified
Cambridge IGCSE Chemistry (0620) — past papers archive,"PapaCambridge (unofficial rehost, not Cambridge Assessment International Education)",commercial aggregator,Cambridge IGCSE,International,National,10,FET,Physical Sciences,0620,English,past paper,2026,Multiple sessions (2002-2026 archive),IGCSE past paper archive (all sessions),https://pastpapers.papacambridge.com/papers/caie/igcse-chemistry-0620,not_found,unknown,C,45,https://pastpapers.papacambridge.com/papers/caie/igcse,PapaCambridge IGCSE subject index,2026-09-05,2026-09-05,verified
Cambridge IGCSE Physics (0625) — past papers archive,"PapaCambridge (unofficial rehost, not Cambridge Assessment International Education)",commercial aggregator,Cambridge IGCSE,International,National,10,FET,Physical Sciences,0625,English,past paper,2026,Multiple sessions (2002-2026 archive),IGCSE past paper archive (all sessions),https://pastpapers.papacambridge.com/papers/caie/igcse-physics-0625,not_found,unknown,C,45,https://pastpapers.papacambridge.com/papers/caie/igcse,PapaCambridge IGCSE subject index,2026-09-05,2026-09-05,verified
Cambridge IGCSE Accounting (0452) — past papers archive,"PapaCambridge (unofficial rehost, not Cambridge Assessment International Education)",commercial aggregator,Cambridge IGCSE,International,National,10,FET,Accounting,0452,English,past paper,2026,Multiple sessions (2002-2026 archive),IGCSE past paper archive (all sessions),https://pastpapers.papacambridge.com/papers/caie/igcse-accounting-0452,not_found,unknown,C,45,https://pastpapers.papacambridge.com/papers/caie/igcse,PapaCambridge IGCSE subject index,2026-09-05,2026-09-05,verified
Cambridge IGCSE Business Studies (0450) — past papers archive,"PapaCambridge (unofficial rehost, not Cambridge Assessment International Education)",commercial aggregator,Cambridge IGCSE,International,National,10,FET,Business Studies,0450,English,past paper,2026,Multiple sessions (2002-2026 archive),IGCSE past paper archive (all sessions),https://pastpapers.papacambridge.com/papers/caie/igcse-business-studies-0450,not_found,unknown,C,45,https://pastpapers.papacambridge.com/papers/caie/igcse,PapaCambridge IGCSE subject index,2026-09-05,2026-09-05,verified
Cambridge IGCSE Economics (0455) — past papers archive,"PapaCambridge (unofficial rehost, not Cambridge Assessment International Education)",commercial aggregator,Cambridge IGCSE,International,National,10,FET,Economics,0455,English,past paper,2026,Multiple sessions (2002-2026 archive),IGCSE past paper archive (all sessions),https://pastpapers.papacambridge.com/papers/caie/igcse-economics-0455,not_found,unknown,C,45,https://pastpapers.papacambridge.com/papers/caie/igcse,PapaCambridge IGCSE subject index,2026-09-05,2026-09-05,verified
Cambridge IGCSE Geography (0460) — past papers archive,"PapaCambridge (unofficial rehost, not Cambridge Assessment International Education)",commercial aggregator,Cambridge IGCSE,International,National,10,FET,Geography,0460,English,past paper,2026,Multiple sessions (2002-2026 archive),IGCSE past paper archive (all sessions),https://pastpapers.papacambridge.com/papers/caie/igcse-geography-0460,not_found,unknown,C,45,https://pastpapers.papacambridge.com/papers/caie/igcse,PapaCambridge IGCSE subject index,2026-09-05,2026-09-05,verified
"DBE Big Book -- isiNdebele, Book 1",Department of Basic Education,government,CAPS/NCS,South Africa,National,R,Grade R,Literacy,,isiNdebele,big book,2026,N/A,N/A,https://www.education.gov.za/LinkClick.aspx?fileticket=UNVPE8sg0o0%3d&tabid=1960&portalid=0&mid=7776,not_found,unknown,A,79,https://www.education.gov.za/Curriculum/LearningandTeachingSupportMaterials(LTSM)/GradedReadersandBigBookHL.aspx,DBE Graded Readers and Big Book HL index,2026-09-12,2026-09-12,verified
"DBE Big Book -- isiXhosa, Book 1",Department of Basic Education,government,CAPS/NCS,South Africa,National,R,Grade R,Literacy,,isiXhosa,big book,2026,N/A,N/A,https://www.education.gov.za/LinkClick.aspx?fileticket=7-QWoi-CXeU%3d&tabid=1960&portalid=0&mid=7789,not_found,unknown,A,79,https://www.education.gov.za/Curriculum/LearningandTeachingSupportMaterials(LTSM)/GradedReadersandBigBookHL.aspx,DBE Graded Readers and Big Book HL index,2026-09-12,2026-09-12,verified
"DBE Big Book -- isiZulu, Book 1",Department of Basic Education,government,CAPS/NCS,South Africa,National,R,Grade R,Literacy,,isiZulu,big book,2026,N/A,N/A,https://www.education.gov.za/LinkClick.aspx?fileticket=1DASx8L4OPo%3d&tabid=1960&portalid=0&mid=7795,not_found,unknown,A,79,https://www.education.gov.za/Curriculum/LearningandTeachingSupportMaterials(LTSM)/GradedReadersandBigBookHL.aspx,DBE Graded Readers and Big Book HL index,2026-09-12,2026-09-12,verified
"DBE Big Book -- Sepedi, Book 1",Department of Basic Education,government,CAPS/NCS,South Africa,National,R,Grade R,Literacy,,Sepedi,big book,2026,N/A,N/A,https://www.education.gov.za/LinkClick.aspx?fileticket=-owQn55LCoY%3d&tabid=1960&portalid=0&mid=7798,not_found,unknown,A,79,https://www.education.gov.za/Curriculum/LearningandTeachingSupportMaterials(LTSM)/GradedReadersandBigBookHL.aspx,DBE Graded Readers and Big Book HL index,2026-09-12,2026-09-12,verified
"DBE Big Book -- Sesotho, Book 1",Department of Basic Education,government,CAPS/NCS,South Africa,National,R,Grade R,Literacy,,Sesotho,big book,2026,N/A,N/A,https://www.education.gov.za/LinkClick.aspx?fileticket=y7pltlilcPI%3d&tabid=1960&portalid=0&mid=7801,not_found,unknown,A,79,https://www.education.gov.za/Curriculum/LearningandTeachingSupportMaterials(LTSM)/GradedReadersandBigBookHL.aspx,DBE Graded Readers and Big Book HL index,2026-09-12,2026-09-12,verified
"DBE Big Book -- Setswana, Book 1",Department of Basic Education,government,CAPS/NCS,South Africa,National,R,Grade R,Literacy,,Setswana,big book,2026,N/A,N/A,https://www.education.gov.za/LinkClick.aspx?fileticket=FaJLTYYf0KM%3d&tabid=1960&portalid=0&mid=7804,not_found,unknown,A,79,https://www.education.gov.za/Curriculum/LearningandTeachingSupportMaterials(LTSM)/GradedReadersandBigBookHL.aspx,DBE Graded Readers and Big Book HL index,2026-09-12,2026-09-12,verified
"DBE Big Book -- siSwati, Book 1",Department of Basic Education,government,CAPS/NCS,South Africa,National,R,Grade R,Literacy,,siSwati,big book,2026,N/A,N/A,https://www.education.gov.za/LinkClick.aspx?fileticket=m6HBScgP6Bs%3d&tabid=1960&portalid=0&mid=7807,not_found,unknown,A,79,https://www.education.gov.za/Curriculum/LearningandTeachingSupportMaterials(LTSM)/GradedReadersandBigBookHL.aspx,DBE Graded Readers and Big Book HL index,2026-09-12,2026-09-12,verified
"DBE Big Book -- Tshivenda, Book 1",Department of Basic Education,government,CAPS/NCS,South Africa,National,R,Grade R,Literacy,,Tshivenda,big book,2026,N/A,N/A,https://www.education.gov.za/LinkClick.aspx?fileticket=yYg6H3wwzKA%3d&tabid=1960&portalid=0&mid=7810,not_found,unknown,A,79,https://www.education.gov.za/Curriculum/LearningandTeachingSupportMaterials(LTSM)/GradedReadersandBigBookHL.aspx,DBE Graded Readers and Big Book HL index,2026-09-12,2026-09-12,verified
"DBE Big Book -- Xitsonga, Book 1",Department of Basic Education,government,CAPS/NCS,South Africa,National,R,Grade R,Literacy,,Xitsonga,big book,2026,N/A,N/A,https://www.education.gov.za/LinkClick.aspx?fileticket=tqcaLQGrKkI%3d&tabid=1960&portalid=0&mid=7848,not_found,unknown,A,79,https://www.education.gov.za/Curriculum/LearningandTeachingSupportMaterials(LTSM)/GradedReadersandBigBookHL.aspx,DBE Graded Readers and Big Book HL index,2026-09-12,2026-09-12,verified
"DBE Graded Reader -- Grade 1, Animal Sports Day (Level 1, isiNdebele)",Department of Basic Education,government,CAPS/NCS,South Africa,National,1,Foundation Phase,Literacy,,isiNdebele,graded reader,2026,N/A,N/A,https://www.education.gov.za/LinkClick.aspx?fileticket=XiOdsWUTx5c%3d&tabid=1960&portalid=0&mid=7920,not_found,unknown,A,80,https://www.education.gov.za/Curriculum/LearningandTeachingSupportMaterials(LTSM)/GradedReadersandBigBookHL.aspx,DBE Graded Readers and Big Book HL index,2026-09-12,2026-09-12,verified
"DBE Graded Reader -- Grade 1, Animal Sports Day (Level 1, Sepedi)",Department of Basic Education,government,CAPS/NCS,South Africa,National,1,Foundation Phase,Literacy,,Sepedi,graded reader,2026,N/A,N/A,https://www.education.gov.za/LinkClick.aspx?fileticket=JVokcHnX8ac%3d&tabid=1960&portalid=0&mid=7923,not_found,unknown,A,80,https://www.education.gov.za/Curriculum/LearningandTeachingSupportMaterials(LTSM)/GradedReadersandBigBookHL.aspx,DBE Graded Readers and Big Book HL index,2026-09-12,2026-09-12,verified
"DBE Graded Reader -- Grade 1, Animal Sports Day (Level 1, Sesotho)",Department of Basic Education,government,CAPS/NCS,South Africa,National,1,Foundation Phase,Literacy,,Sesotho,graded reader,2026,N/A,N/A,https://www.education.gov.za/LinkClick.aspx?fileticket=MDM5NOK6-cM%3d&tabid=1960&portalid=0&mid=7924,not_found,unknown,A,80,https://www.education.gov.za/Curriculum/LearningandTeachingSupportMaterials(LTSM)/GradedReadersandBigBookHL.aspx,DBE Graded Readers and Big Book HL index,2026-09-12,2026-09-12,verified
"DBE Graded Reader -- Grade 1, Animal Sports Day (Level 1, Setswana)",Department of Basic Education,government,CAPS/NCS,South Africa,National,1,Foundation Phase,Literacy,,Setswana,graded reader,2026,N/A,N/A,https://www.education.gov.za/LinkClick.aspx?fileticket=Sz1va0gIuOY%3d&tabid=1960&portalid=0&mid=7925,not_found,unknown,A,80,https://www.education.gov.za/Curriculum/LearningandTeachingSupportMaterials(LTSM)/GradedReadersandBigBookHL.aspx,DBE Graded Readers and Big Book HL index,2026-09-12,2026-09-12,verified
"DBE Graded Reader -- Grade 1, Animal Sports Day (Level 1, siSwati)",Department of Basic Education,government,CAPS/NCS,South Africa,National,1,Foundation Phase,Literacy,,siSwati,graded reader,2026,N/A,N/A,https://www.education.gov.za/LinkClick.aspx?fileticket=MbkgsAu14u0%3d&tabid=1960&portalid=0&mid=7951,not_found,unknown,A,80,https://www.education.gov.za/Curriculum/LearningandTeachingSupportMaterials(LTSM)/GradedReadersandBigBookHL.aspx,DBE Graded Readers and Big Book HL index,2026-09-12,2026-09-12,verified
"DBE Graded Reader -- Grade 1, Animal Sports Day (Level 1, Tshivenda)",Department of Basic Education,government,CAPS/NCS,South Africa,National,1,Foundation Phase,Literacy,,Tshivenda,graded reader,2026,N/A,N/A,https://www.education.gov.za/LinkClick.aspx?fileticket=kpwatyZ76S8%3d&tabid=1960&portalid=0&mid=7926,not_found,unknown,A,80,https://www.education.gov.za/Curriculum/LearningandTeachingSupportMaterials(LTSM)/GradedReadersandBigBookHL.aspx,DBE Graded Readers and Big Book HL index,2026-09-12,2026-09-12,verified
"DBE Graded Reader -- Grade 1, Animal Sports Day (Level 1, Xitsonga)",Department of Basic Education,government,CAPS/NCS,South Africa,National,1,Foundation Phase,Literacy,,Xitsonga,graded reader,2026,N/A,N/A,https://www.education.gov.za/LinkClick.aspx?fileticket=oOFtZk1tfwE%3d&tabid=1960&portalid=0&mid=7927,not_found,unknown,A,80,https://www.education.gov.za/Curriculum/LearningandTeachingSupportMaterials(LTSM)/GradedReadersandBigBookHL.aspx,DBE Graded Readers and Big Book HL index,2026-09-12,2026-09-12,verified
"DBE Graded Reader -- Grade 2, A Dog's Life (Level 1, isiNdebele)",Department of Basic Education,government,CAPS/NCS,South Africa,National,2,Foundation Phase,Literacy,,isiNdebele,graded reader,2026,N/A,N/A,https://www.education.gov.za/LinkClick.aspx?fileticket=FjFMiyN80M0%3d&tabid=1960&portalid=0&mid=7930,not_found,unknown,A,80,https://www.education.gov.za/Curriculum/LearningandTeachingSupportMaterials(LTSM)/GradedReadersandBigBookHL.aspx,DBE Graded Readers and Big Book HL index,2026-09-12,2026-09-12,verified
"DBE Graded Reader -- Grade 2, A Dog's Life (Level 1, Sepedi)",Department of Basic Education,government,CAPS/NCS,South Africa,National,2,Foundation Phase,Literacy,,Sepedi,graded reader,2026,N/A,N/A,https://www.education.gov.za/LinkClick.aspx?fileticket=WXEKdj57lWE%3d&tabid=1960&portalid=0&mid=7933,not_found,unknown,A,80,https://www.education.gov.za/Curriculum/LearningandTeachingSupportMaterials(LTSM)/GradedReadersandBigBookHL.aspx,DBE Graded Readers and Big Book HL index,2026-09-12,2026-09-12,verified
"DBE Graded Reader -- Grade 2, A Dog's Life (Level 1, Sesotho)",Department of Basic Education,government,CAPS/NCS,South Africa,National,2,Foundation Phase,Literacy,,Sesotho,graded reader,2026,N/A,N/A,https://www.education.gov.za/LinkClick.aspx?fileticket=eW7_IsYd8Lc%3d&tabid=1960&portalid=0&mid=7934,not_found,unknown,A,80,https://www.education.gov.za/Curriculum/LearningandTeachingSupportMaterials(LTSM)/GradedReadersandBigBookHL.aspx,DBE Graded Readers and Big Book HL index,2026-09-12,2026-09-12,verified
"DBE Graded Reader -- Grade 2, A Dog's Life (Level 1, Setswana)",Department of Basic Education,government,CAPS/NCS,South Africa,National,2,Foundation Phase,Literacy,,Setswana,graded reader,2026,N/A,N/A,https://www.education.gov.za/LinkClick.aspx?fileticket=hRdFyr9wI_k%3d&tabid=1960&portalid=0&mid=7935,not_found,unknown,A,80,https://www.education.gov.za/Curriculum/LearningandTeachingSupportMaterials(LTSM)/GradedReadersandBigBookHL.aspx,DBE Graded Readers and Big Book HL index,2026-09-12,2026-09-12,verified
"DBE Graded Reader -- Grade 2, A Dog's Life (Level 1, siSwati)",Department of Basic Education,government,CAPS/NCS,South Africa,National,2,Foundation Phase,Literacy,,siSwati,graded reader,2026,N/A,N/A,https://www.education.gov.za/LinkClick.aspx?fileticket=fTD_GUWcjMA%3d&tabid=1960&portalid=0&mid=7957,not_found,unknown,A,80,https://www.education.gov.za/Curriculum/LearningandTeachingSupportMaterials(LTSM)/GradedReadersandBigBookHL.aspx,DBE Graded Readers and Big Book HL index,2026-09-12,2026-09-12,verified
"DBE Graded Reader -- Grade 2, A Dog's Life (Level 1, Tshivenda)",Department of Basic Education,government,CAPS/NCS,South Africa,National,2,Foundation Phase,Literacy,,Tshivenda,graded reader,2026,N/A,N/A,https://www.education.gov.za/LinkClick.aspx?fileticket=fNLxY6jz6sg%3d&tabid=1960&portalid=0&mid=7936,not_found,unknown,A,80,https://www.education.gov.za/Curriculum/LearningandTeachingSupportMaterials(LTSM)/GradedReadersandBigBookHL.aspx,DBE Graded Readers and Big Book HL index,2026-09-12,2026-09-12,verified
"DBE Graded Reader -- Grade 2, A Dog's Life (Level 1, Xitsonga)",Department of Basic Education,government,CAPS/NCS,South Africa,National,2,Foundation Phase,Literacy,,Xitsonga,graded reader,2026,N/A,N/A,https://www.education.gov.za/LinkClick.aspx?fileticket=84dX0PAdqDA%3d&tabid=1960&portalid=0&mid=7937,not_found,unknown,A,80,https://www.education.gov.za/Curriculum/LearningandTeachingSupportMaterials(LTSM)/GradedReadersandBigBookHL.aspx,DBE Graded Readers and Big Book HL index,2026-09-12,2026-09-12,verified
